parent_tag_en,parent_tag_ar,child_tag_en,child_tag_ar,question_ar,question_en,answer_ar,answer_en
Existing buildings,مباني قائمة,Energy saving-existing buildings,توفير الطاقة-مباني قائمة,التصميم المستدام للمبنى,Building Sustainable Design,"يمكن أن يساهم التصميم الذكي للمبنى بتقليل استهلاك الطاقة بشكل كبير. علماً أن التكلفة الأولية قد تكون أعلى من التصميم العادي، لكنه سيكون مجدي على المدى المتوسط والبعيد وذلك من خلال تقليل فواتير الكهرباء.
","Sustainable and smart design can save energy consumption in the building. Hence, the initial cost might be higher than traditional buildings, but it’s feasible on the medium and long run through energy savings over the years.
"
Existing buildings,مباني قائمة,Energy saving-existing buildings,توفير الطاقة-مباني قائمة,تقليل استهلاك المكيف للطاقة,Air conditioner energy consumption reduction,"يمكن تقليل الطاقة التي يستهلكها المكيف من خلال الممارسات التالية:
1. 	التحكم بدرجات الحرارة، تقليل درجة الحرارة درجتين شتاءً ورفعها درجتين صيفاً يمكن أن يساهم في تخفيض فاتورة الكهرباء.
2. 	تركيب مكيف ذو كفاءة عالية بحيث لا يحتوي على نسبة تسريب أكثر من 10%، مع قنوات (ducts) مستقيمة وقصيرة قدر الإمكان.","You can save energy consumed by air conditioner through the following practices:
Temperature control; increase the temperature 2 degrees in summer and decrease it in winter can save energy and lower your bill.
Use high efficiency air conditioners which have leakage percentage less than 10%, with short and straight ducts as possible.
"
Existing buildings,مباني قائمة,Energy saving-existing buildings,توفير الطاقة-مباني قائمة,هل من المجدي تركيب خلايا شمسية؟,Is it feasible to install solar panels?,"تعد الخلايا الشمسية إحدى أنظمة الطاقة المتجددة، واستخدامها يساعد في توفير نسبة تصل إلى 50% من استهلاك الطاقة. أما على الصعيد الاقتصادي، فتعتبر فترة استرداد رأس المال قصيرة. 
","Solar panels are one of the renewable energy sources, using it can save your energy consumption up to 50%. Economic-wise, the pay-back period (ROI) is short."
Existing buildings,مباني قائمة,Energy saving-existing buildings,توفير الطاقة-مباني قائمة,هل من المجدي تركيب خلايا شمسية؟,Is it feasible to install solar panels?,"تعد الخلايا الشمسية إحدى أنظمة الطاقة المتجددة، واستخدامها يساعد في توفير نسبة تصل إلى 50% من استهلاك الطاقة. أما على الصعيد الاقتصادي، فتعتبر فترة استرداد رأس المال قصيرة. 
","Solar panels are one of the renewable energy sources, using it can save your energy consumption up to 50%. Economic-wise, the pay-back period (ROI) is short."
Existing buildings,مباني قائمة,Energy saving-existing buildings,توفير الطاقة-مباني قائمة,كيف تؤثر الشبابيك على فاتورة الكهرباء؟,How can your windows affect your electricity bills,تساهم الشبابيك في تسريب الطاقة بين داخل وخارج المبنى، مما يساهم في زيادة الحمل الكهربائي على أنظمة التكييف والتبريد. لتقليل فاتورة الكهرباء يجب استخدام شبابيك ذات كفاءة عالية من خلال استخدام الشبابيك المزدوجة (double glass) وإغلاق الثغرات حول الشبابيك.,"Windows are a main source of energy transfer between inside and outside the building (infiltration), which increases the energy load of air conditioners. To reduce your electric bills you have to install high efficiency windows (double glass) and close gaps in between windows and walls."
Existing buildings,مباني قائمة,Energy saving-existing buildings,توفير الطاقة-مباني قائمة,كيف تؤثر الشبابيك على فاتورة الكهرباء؟,How can your windows affect your electricity bills,تساهم الشبابيك في تسريب الطاقة بين داخل وخارج المبنى، مما يساهم في زيادة الحمل الكهربائي على أنظمة التكييف والتبريد. لتقليل فاتورة الكهرباء يجب استخدام شبابيك ذات كفاءة عالية من خلال استخدام الشبابيك المزدوجة (double glass) وإغلاق الثغرات حول الشبابيك.,"Windows are a main source of energy transfer between inside and outside the building (infiltration), which increases the energy load of air conditioners. To reduce your electric bills you have to install high efficiency windows (double glass) and close gaps in between windows and walls."
Existing buildings,مباني قائمة,Energy saving-existing buildings,توفير الطاقة-مباني قائمة,كيف أقوم بتخفيض فاتورة الكهرباء من خلال الشبابيك؟,How can I reduce my electric bills through buildin,ضمان انسداد فتحات الشبابيك والأبواب يساعد في توفير الطاقة بنسبة تصل من 15-20%. وذلك من خلال استخدام مواد لإغلاق التشققات والفتحات يمكن الحصول عليها من محلات مواد البناء.,Making sure that the gaps between the window and wall are closed can save your energy between 15-20%. You can do it using special material to close boreholes from any construction material store.
Existing buildings,مباني قائمة,Energy saving-existing buildings,توفير الطاقة-مباني قائمة,كيف يمكن حل مشكلة زيادة في فاتورة الكهرباء أو الاستهلاك المفرط للطاقة؟,How to solve high electric bills or over-consumption of energy?,"	من خلال الاعتماد على الإضاءة الطبيعية، حيث أن الإضاءة الصناعية مسئولة عن 40% من استهلاك الطاقة (خاصة في المكاتب)، تعوّد على إطفاء الأنوار عندما تخرج من الغرفة لمدة تزيد عن 15 دقيقة.
·   	فصل الأجهزة الكهربائية غير المستخدمة لأن بعضها قد يستهلك طاقة حتى لو كانت غير مستخدمة.
·       الاعتماد على عداد الكهرباء مسبق الدفع يساعد في مراقبة استهلاك الكهرباء وتقليله.
","Using natural lights: using artificial lights can consume 40% of the energy (specially office spaces). Make sure to turn off the lights when you’re out of the space for longer than 15 minutes.
Disconnect your appliances to electricity when you don’t use it, some appliances consume energy when connected to electrical current even during the sleeping mood. 
Using pre-paid meters help to control and reduce energy consumption. 
"
Existing buildings,مباني قائمة,Energy saving-existing buildings,توفير الطاقة-مباني قائمة,كيف يمكن حل مشكلة زيادة في فاتورة الكهرباء أو الاستهلاك المفرط للطاقة؟,How to solve high electric bills or over-consumption of energy?,"	من خلال الاعتماد على الإضاءة الطبيعية، حيث أن الإضاءة الصناعية مسئولة عن 40% من استهلاك الطاقة (خاصة في المكاتب)، تعوّد على إطفاء الأنوار عندما تخرج من الغرفة لمدة تزيد عن 15 دقيقة.
·   	فصل الأجهزة الكهربائية غير المستخدمة لأن بعضها قد يستهلك طاقة حتى لو كانت غير مستخدمة.
·       الاعتماد على عداد الكهرباء مسبق الدفع يساعد في مراقبة استهلاك الكهرباء وتقليله.
","Using natural lights: using artificial lights can consume 40% of the energy (specially office spaces). Make sure to turn off the lights when you’re out of the space for longer than 15 minutes.
Disconnect your appliances to electricity when you don’t use it, some appliances consume energy when connected to electrical current even during the sleeping mood. 
Using pre-paid meters help to control and reduce energy consumption. 
"
Existing buildings,مباني قائمة,Energy saving-existing buildings,توفير الطاقة-مباني قائمة,هل تواجه مشكلة طول انتظار تسخين المياه في الشتاء؟,Do you wait long for water heating in winter?,الاعتماد على عزل أنابيب المياه يحافظ على سخونة المياه لأطول فترة ممكنة ويقلل في تقليل فاتورة الكهرباء من خلال تقليل استهلاك الطاقة اللازمة لتسخين المياه,Considering pipe thermal insulation can save the energy in water for a longer time and reduce your electric bills through reducing required energy for water heating. 
Existing buildings,مباني قائمة,Energy saving-existing buildings,توفير الطاقة-مباني قائمة,كيف أتأكد من فاعلية الأجهزة الكهربائية؟,How to check your appliances efficiency?,"إجراء فحص الجهوزية الكهربائية للتعرف على فاعليتها أثناء تجهيز المبنى، حيث يساهم في توفير التكلفة على مالك/مستخدم المبنى قبل إشغال المبنى (قبل السكن).
","Energy commissioning test can help you figure out your appliances’ efficiency during the equipping phase, which will reduce the cost on building owner/user even before building operation phase."
Existing buildings,مباني قائمة,Energy saving-existing buildings,توفير الطاقة-مباني قائمة,كيف أتأكد من فاعلية الأجهزة الكهربائية؟,How to check your appliances efficiency?,"إجراء فحص الجهوزية الكهربائية للتعرف على فاعليتها أثناء تجهيز المبنى، حيث يساهم في توفير التكلفة على مالك/مستخدم المبنى قبل إشغال المبنى (قبل السكن).
","Energy commissioning test can help you figure out your appliances’ efficiency during the equipping phase, which will reduce the cost on building owner/user even before building operation phase."
Existing buildings,مباني قائمة,Energy saving-existing buildings,توفير الطاقة-مباني قائمة,كيف يمكن توفير استهلاك الطاقة أثناء تحضير الطعام؟,How to save energy during cooking?,"يمكن توفير استهلاك الطاقة (كهرباء أو غاز أو غيرها) أثناء تحضير الطعام من خلال اتباع الإرشادات التالية:
1. 	استخدام الميكرويف لتسخين وطبخ الطعام عند اللزوم، حيث تحتوي التصاميم الجديدة من الميكروويف إعدادات لطبخ جميع أنواع الطعام وبطريقة أسرع من الفرن الكهربائي التقليدي. استخدام الميكرويف يمكن أن يوفر الطاقة بنسبة 80% مقارنة بالفرن الكهربائي.
2.     الإدارة الصحيحة أثناء الطعام، حيث أن استخدام غطاء الطنجرة أثناء الطهي و/أو التسخين يمكن أن يسرع من العملية وتوفير استهلاك الطاقة بنسبة تصل إلى 30%.
","You can save energy (electricity, gas, etc.) while you’re preparing your food using the following instructions:
Using Microwave to cook and heating your food. New versions of microwave have settings for cooking faster than traditional electrical oven. Using it can save energy up to 80% compared to electrical oven.
Food cooking management, using cooker cover during food preparation or heating can speed up the process and save energy up to 30%.
"
Existing buildings,مباني قائمة,Energy saving-existing buildings,توفير الطاقة-مباني قائمة,هل تعلم أنه يمكنك استغلال مياه الأمطار لتقليل فاتورة المياه في منزلك؟,Did you know that you can use rain water to reduce your water bills?,يمكنك جمع مياه الأمطار وتعقيمها والاستفادة منها بعدة طرق، كاستخدامها في عملية الري والتنظيف المنزلي وتنظيف السيارات، مما ينعكس على توفير في فاتورة المياه للمنزل.,"Rain water (or storm water) harvesting, desalination, and using it for many purposes, like irrigation, home cleaning, car cleaning, etc.) can save your water and reduce your bill."
Existing buildings,مباني قائمة,Energy saving-existing buildings,توفير الطاقة-مباني قائمة,هل تعلم أنه يمكنك استغلال مياه الأمطار لتقليل فاتورة المياه في منزلك؟,Did you know that you can use rain water to reduce your water bills?,يمكنك جمع مياه الأمطار وتعقيمها والاستفادة منها بعدة طرق، كاستخدامها في عملية الري والتنظيف المنزلي وتنظيف السيارات، مما ينعكس على توفير في فاتورة المياه للمنزل.,"Rain water (or storm water) harvesting, desalination, and using it for many purposes, like irrigation, home cleaning, car cleaning, etc.) can save your water and reduce your bill."
Existing buildings,مباني قائمة,Energy saving-existing buildings,توفير الطاقة-مباني قائمة,كيف أتأكد من سلامة استخدام مياه الأمطار للشرب؟,How to assure the safety of rainwater for drinking?,"يمكنك فحص مياه الأمطار في أقرب دائرة صحة من منزلك باتباع إجراءات السلامة التالية:
ضرورة الحصول على علبة معقمة من أقرب صيدلية أو دائرة صحة، توضع عينة المياه فيها مع إحكام إغلاقها وتسليمها خلال فترة لا تزيد عن 30 دقيقة مع ضرورة عدم تعريضها للشمس أو الحرارة. إذا لم تستطع الوصول إلى مركز الصحة خلال 30 دقيقة يمكن حفظ العينة في أدفأ منطقة في  الثلاجة (رفوف باب الثلاجة).
","You can test the rainwater in the nearest health department using the following instructions:
Fill the water in a sanitized bottle (from a pharmacy or health department), close it well, deliver it in less than 30 minutes, and make sure it’s not exposed to sunlight or any heat. If you can’t deliver it in less than 30 minutes make sure to store it in the warmest area of the fridge (the fridge door).
"
Existing buildings,مباني قائمة,Environment-existing buildings,البيئة-مباني قائمة,كيف أتأكد من سلامة استخدام مياه الأمطار للشرب؟,How to assure the safety of rainwater for drinking?,"يمكنك فحص مياه الأمطار في أقرب دائرة صحة من منزلك باتباع إجراءات السلامة التالية:
ضرورة الحصول على علبة معقمة من أقرب صيدلية أو دائرة صحة، توضع عينة المياه فيها مع إحكام إغلاقها وتسليمها خلال فترة لا تزيد عن 30 دقيقة مع ضرورة عدم تعريضها للشمس أو الحرارة. إذا لم تستطع الوصول إلى مركز الصحة خلال 30 دقيقة يمكن حفظ العينة في أدفأ منطقة في  الثلاجة (رفوف باب الثلاجة).
","You can test the rainwater in the nearest health department using the following instructions:
Fill the water in a sanitized bottle (from a pharmacy or health department), close it well, deliver it in less than 30 minutes, and make sure it’s not exposed to sunlight or any heat. If you can’t deliver it in less than 30 minutes make sure to store it in the warmest area of the fridge (the fridge door).
"
Existing buildings,مباني قائمة,Environment-existing buildings,البيئة-مباني قائمة,كيف أتأكد من سلامة استخدام مياه الأمطار للشرب؟,How to assure the safety of rainwater for drinking?,"يمكنك فحص مياه الأمطار في أقرب دائرة صحة من منزلك باتباع إجراءات السلامة التالية:
ضرورة الحصول على علبة معقمة من أقرب صيدلية أو دائرة صحة، توضع عينة المياه فيها مع إحكام إغلاقها وتسليمها خلال فترة لا تزيد عن 30 دقيقة مع ضرورة عدم تعريضها للشمس أو الحرارة. إذا لم تستطع الوصول إلى مركز الصحة خلال 30 دقيقة يمكن حفظ العينة في أدفأ منطقة في  الثلاجة (رفوف باب الثلاجة).
","You can test the rainwater in the nearest health department using the following instructions:
Fill the water in a sanitized bottle (from a pharmacy or health department), close it well, deliver it in less than 30 minutes, and make sure it’s not exposed to sunlight or any heat. If you can’t deliver it in less than 30 minutes make sure to store it in the warmest area of the fridge (the fridge door).
"
Existing buildings,مباني قائمة,Environment-existing buildings,البيئة-مباني قائمة,كيف أتأكد من سلامة استخدام مياه الأمطار للشرب؟,How to assure the safety of rainwater for drinking?,"يمكنك فحص مياه الأمطار في أقرب دائرة صحة من منزلك باتباع إجراءات السلامة التالية:
ضرورة الحصول على علبة معقمة من أقرب صيدلية أو دائرة صحة، توضع عينة المياه فيها مع إحكام إغلاقها وتسليمها خلال فترة لا تزيد عن 30 دقيقة مع ضرورة عدم تعريضها للشمس أو الحرارة. إذا لم تستطع الوصول إلى مركز الصحة خلال 30 دقيقة يمكن حفظ العينة في أدفأ منطقة في  الثلاجة (رفوف باب الثلاجة).
","You can test the rainwater in the nearest health department using the following instructions:
Fill the water in a sanitized bottle (from a pharmacy or health department), close it well, deliver it in less than 30 minutes, and make sure it’s not exposed to sunlight or any heat. If you can’t deliver it in less than 30 minutes make sure to store it in the warmest area of the fridge (the fridge door).
"
Existing buildings,مباني قائمة,Environment-existing buildings,البيئة-مباني قائمة,هل هناك شروط صحية لاستخدام مياه الأمطار؟,What are the health restrictions of using rain wat,نعم، استخدام مياه الأمطار يتطلب استخدام مواد صحية على سطح البناء قبل البدء بتجميع مياه الأمطار، حيث تعتبر بعضها مواد مسرطنة ولا يجب حدوث أي تلامس بينها وبين مياه الأمطار خاصة تلك المستخدمة للشرب.,"Using rain water requires using safe material for the top roof of the buildings before harvesting rainwater, as some of it can cause cancer to users if the water contacts the material, specially drinking water.
"
Existing buildings,مباني قائمة,Environment-existing buildings,البيئة-مباني قائمة,هل هناك شروط صحية لاستخدام مياه الأمطار؟,What are the health restrictions of using rain wat,نعم، استخدام مياه الأمطار يتطلب استخدام مواد صحية على سطح البناء قبل البدء بتجميع مياه الأمطار، حيث تعتبر بعضها مواد مسرطنة ولا يجب حدوث أي تلامس بينها وبين مياه الأمطار خاصة تلك المستخدمة للشرب.,"Using rain water requires using safe material for the top roof of the buildings before harvesting rainwater, as some of it can cause cancer to users if the water contacts the material, specially drinking water.
"
Existing buildings,مباني قائمة,Environment-existing buildings,البيئة-مباني قائمة,هل هناك شروط صحية لاستخدام مياه الأمطار؟,What are the health restrictions of using rain wat,نعم، استخدام مياه الأمطار يتطلب استخدام مواد صحية على سطح البناء قبل البدء بتجميع مياه الأمطار، حيث تعتبر بعضها مواد مسرطنة ولا يجب حدوث أي تلامس بينها وبين مياه الأمطار خاصة تلك المستخدمة للشرب.,"Using rain water requires using safe material for the top roof of the buildings before harvesting rainwater, as some of it can cause cancer to users if the water contacts the material, specially drinking water.
"
Existing buildings,مباني قائمة,Environment-existing buildings,البيئة-مباني قائمة,هل هناك شروط صحية لاستخدام مياه الأمطار؟,What are the health restrictions of using rain wat,نعم، استخدام مياه الأمطار يتطلب استخدام مواد صحية على سطح البناء قبل البدء بتجميع مياه الأمطار، حيث تعتبر بعضها مواد مسرطنة ولا يجب حدوث أي تلامس بينها وبين مياه الأمطار خاصة تلك المستخدمة للشرب.,"Using rain water requires using safe material for the top roof of the buildings before harvesting rainwater, as some of it can cause cancer to users if the water contacts the material, specially drinking water.
"
Existing buildings,مباني قائمة,Environment-existing buildings,البيئة-مباني قائمة,هل أقوم بتجميع مياه الأمطار في المباني القائمة أم المباني قيد الإنشاء؟,Is rainwater harvesting used in existing or under-construction buildings?,يمكن الاستفادة من مياه الأمطار في جميع أنواع المباني، وينصح بعمل نظام تجميع المياه خلال عملية التصميم قبل البدء بإنشاء المبنى. ويمكن أيضاً الاستفادة من مياه الأمطار في المباني القائمة.,"You can use rainwater harvesting in all building types. Rainwater harvesting system installation is recommended during design phase and before the construction phase. In addition, you can harvest rainwater in existing buildings "
Existing buildings,مباني قائمة,Environment-existing buildings,البيئة-مباني قائمة,هل أقوم بتجميع مياه الأمطار في المباني القائمة أم المباني قيد الإنشاء؟,Is rainwater harvesting used in existing or under-construction buildings?,يمكن الاستفادة من مياه الأمطار في جميع أنواع المباني، وينصح بعمل نظام تجميع المياه خلال عملية التصميم قبل البدء بإنشاء المبنى. ويمكن أيضاً الاستفادة من مياه الأمطار في المباني القائمة.,"You can use rainwater harvesting in all building types. Rainwater harvesting system installation is recommended during design phase and before the construction phase. In addition, you can harvest rainwater in existing buildings "
Existing buildings,مباني قائمة,Environment-existing buildings,البيئة-مباني قائمة,"هل أقوم بتجميع مياه الأمطار في المباني القائمة أم المباني قيد الإنشاء؟
",Is rainwater harvesting used in existing or under-construction buildings?,يمكن الاستفادة من مياه الأمطار في جميع أنواع المباني، وينصح بعمل نظام تجميع المياه خلال عملية التصميم قبل البدء بإنشاء المبنى. ويمكن أيضاً الاستفادة من مياه الأمطار في المباني القائمة.,"You can use rainwater harvesting in all building types. Rainwater harvesting system installation is recommended during design phase and before the construction phase. In addition, you can harvest rainwater in existing buildings "
Existing buildings,مباني قائمة,Environment-existing buildings,البيئة-مباني قائمة,"هل أقوم بتجميع مياه الأمطار في المباني القائمة أم المباني قيد الإنشاء؟
",Is rainwater harvesting used in existing or under-construction buildings?,يمكن الاستفادة من مياه الأمطار في جميع أنواع المباني، وينصح بعمل نظام تجميع المياه خلال عملية التصميم قبل البدء بإنشاء المبنى. ويمكن أيضاً الاستفادة من مياه الأمطار في المباني القائمة.,"You can use rainwater harvesting in all building types. Rainwater harvesting system installation is recommended during design phase and before the construction phase. In addition, you can harvest rainwater in existing buildings "
Existing buildings,مباني قائمة,Environment-existing buildings,البيئة-مباني قائمة,كيف يؤثر نوع المرحاض على فاتورة المياه؟,How can the bathroom affect your water bill?,جميع المراحيض المصنعة قبل عام 1992 تستهلك حوالي 13 لتر ماء لكل ضغطة (flush)، لكن التصاميم الحديثة تستهلك ما لا يزيد عن 4 لتر ماء لكل ضغطة. عليك اعتماد الأنواع الجديدة للحصول على توفير يصل إلى 60% وتقليل فاتورة المياه.,"All toilets produced before 1992 consume around 13 liters per flush, but new designs consume less than 4 liters per flush. You have to consider new designs in your bathroom to save water up to 60% and reduce your water bills."
Existing buildings,مباني قائمة,Environment-existing buildings,البيئة-مباني قائمة,كيف يؤثر نوع المرحاض على فاتورة المياه؟,How can the bathroom affect your water bill?,جميع المراحيض المصنعة قبل عام 1992 تستهلك حوالي 13 لتر ماء لكل ضغطة (flush)، لكن التصاميم الحديثة تستهلك ما لا يزيد عن 4 لتر ماء لكل ضغطة. عليك اعتماد الأنواع الجديدة للحصول على توفير يصل إلى 60% وتقليل فاتورة المياه.,"All toilets produced before 1992 consume around 13 liters per flush, but new designs consume less than 4 liters per flush. You have to consider new designs in your bathroom to save water up to 60% and reduce your water bills."
Existing buildings,مباني قائمة,Environment-existing buildings,البيئة-مباني قائمة,هل من الأفضل استخدام مياه باردة أم ساخنة في عملية الغسيل؟,Is it recommended to use hot or cold water for the laundry process?,استخدام المياه الباردة في عملية الغسيل توفر نسبة تصل إلى 80% من الطاقة، يمكنك التحكم بإعدادات الغسالة لدرجة الحرارة.,"water for the laundry process?
Using cold water can save energy up to 80%, you can change washing machine settings to control water temperature. 
"
Existing buildings,مباني قائمة,Environment-existing buildings,البيئة-مباني قائمة,هل من الأفضل استخدام مياه باردة أم ساخنة في عملية الغسيل؟,Is it recommended to use hot or cold water for the laundry process?,استخدام المياه الباردة في عملية الغسيل توفر نسبة تصل إلى 80% من الطاقة، يمكنك التحكم بإعدادات الغسالة لدرجة الحرارة.,"water for the laundry process?
Using cold water can save energy up to 80%, you can change washing machine settings to control water temperature. 
"
Existing buildings,مباني قائمة,Environment-existing buildings,البيئة-مباني قائمة,كيف يمكن توفير المياه أثناء عملية الغسيل؟,How to save water in the laundry process?,بالاعتماد على البرنامج الموفر للبيئة (ECO) والذي غالباً يرافقه شكل ورقة شجر. تستهلك هذه التصاميم أقل من 100 لتر لكل حمولة بينما تستهلك التصاميم القديمة 150 لتر لكل حمولة.,Using new designs of washing machines or using ECO mood (usually marked with green leaf icon). These options consume less than 100 liter per load compared to 150 liter per load in older versions.
Existing buildings,مباني قائمة,Providing water quality-existing buildings,توفير جودة المياه-مباني قائمة,كيف يمكن توفير المياه أثناء عملية الغسيل؟,How to save water in the laundry process?,بالاعتماد على البرنامج الموفر للبيئة (ECO) والذي غالباً يرافقه شكل ورقة شجر. تستهلك هذه التصاميم أقل من 100 لتر لكل حمولة بينما تستهلك التصاميم القديمة 150 لتر لكل حمولة.,Using new designs of washing machines or using ECO mood (usually marked with green leaf icon). These options consume less than 100 liter per load compared to 150 liter per load in older versions.
Existing buildings,مباني قائمة,Providing water quality-existing buildings,توفير جودة المياه-مباني قائمة,كيف يمكنني تقليل فاتورة المياه الخاصة بي؟,How to reduce my water bill?,"1. 	استخدام المغاسل ذات المجسات وذات كفاءة عالية تساعد في تقليل استهلاك المياه بنسبة 20% مما ينعكس على فاتورة المياه.
<br>
2. 	إعادة استخدام المياه العادمة المعالجة في الري المنزلي أو الزراعة أو التنظيف يمكنها المساهمة في تقليل فاتورة المياه. ","
Using smart and high efficient taps can reduce water consumption by 20% which will be reflected on your bills.
<br>
Re-use treated wastewater in irrigation or cleaning can reduce your bills.
"
Existing buildings,مباني قائمة,Providing water quality-existing buildings,توفير جودة المياه-مباني قائمة,كيف يمكنني تقليل فاتورة المياه الخاصة بي؟,How to reduce my water bill?,"1. 	استخدام المغاسل ذات المجسات وذات كفاءة عالية تساعد في تقليل استهلاك المياه بنسبة 20% مما ينعكس على فاتورة المياه.
<br>
2. 	إعادة استخدام المياه العادمة المعالجة في الري المنزلي أو الزراعة أو التنظيف يمكنها المساهمة في تقليل فاتورة المياه. ","
Using smart and high efficient taps can reduce water consumption by 20% which will be reflected on your bills.
<br>
Re-use treated wastewater in irrigation or cleaning can reduce your bills.
"
Existing buildings,مباني قائمة,Providing water quality-existing buildings,توفير جودة المياه-مباني قائمة,كيف يمكن حل مشكلة تجمع مياه الأمطار في الشتاء؟,How to solve water sinks in winter?,تحدث المشكلة أساساً بسبب عدم وجود نظام تصريف صحيح لمياه الأمطار والتي غالباً تنشأ بسبب وجود المباني في الطبيعة. يمكن حلها من خلال تجميع مياه الأمطار عن أسطح المباني وإعادة استخدامها. يمكن تجميعها بشكل مركزي لكل مدينة أو تجميعها في كل مبنى بشكل منفصل.,"This problem occurs because of the poor rainwater drainage system, mainly caused by buildings' existence in nature. This can be solved by rainwater harvesting and reuse. Rainwater harvesting can be central (e.g. in each city) or separately in each building. "
Existing buildings,مباني قائمة,Providing water quality-existing buildings,توفير جودة المياه-مباني قائمة,كيف يمكن حل مشكلة تجمع مياه الأمطار في الشتاء؟,How to solve water sinks in winter?,تحدث المشكلة أساساً بسبب عدم وجود نظام تصريف صحيح لمياه الأمطار والتي غالباً تنشأ بسبب وجود المباني في الطبيعة. يمكن حلها من خلال تجميع مياه الأمطار عن أسطح المباني وإعادة استخدامها. يمكن تجميعها بشكل مركزي لكل مدينة أو تجميعها في كل مبنى بشكل منفصل.,"This problem occurs because of the poor rainwater drainage system, mainly caused by buildings' existence in nature. This can be solved by rainwater harvesting and reuse. Rainwater harvesting can be central (e.g. in each city) or separately in each building. "
Existing buildings,مباني قائمة,Providing water quality-existing buildings,توفير جودة المياه-مباني قائمة,هل تلاحظ تلف الحنفيات أو الأنابيب أو تركيبات المياه الأخرى بسرعة؟,How to solve water sinks in winter?,تحدث المشكلة أساساً بسبب عدم وجود نظام تصريف صحيح لمياه الأمطار والتي غالباً تنشأ بسبب وجود المباني في الطبيعة. يمكن حلها من خلال تجميع مياه الأمطار عن أسطح المباني وإعادة استخدامها. يمكن تجميعها بشكل مركزي لكل مدينة أو تجميعها في كل مبنى بشكل منفصل.,"This problem occurs because of the poor rainwater drainage system, mainly caused by buildings' existence in nature. This can be solved by rainwater harvesting and reuse. Rainwater harvesting can be central (e.g. in each city) or separately in each building. "
Existing buildings,مباني قائمة,Providing water quality-existing buildings,توفير جودة المياه-مباني قائمة,هل تلاحظ تلف الحنفيات أو الأنابيب أو تركيبات المياه الأخرى بسرعة؟," Do you notice the short life span of taps, pipes or other water fixtures?","قد يعود السبب لوجود ضغط ماء عالي في نظام المياه في المبنى بوجود مضخة لزيادة ضغط المياه (خاصة للطوابق العليا في المباني). يمكن حل هذه المشكلة من خلال استخدام صمام يساعد على تخفيف الضغط (لأقل من 550 كيلو باسكال) أو استخدام حنفيات ذات كفاءة مياه عالية (تعمل على تحسين ضغط المياه بدون زيادة التدفق)
","It may refer to the high water pressure on the water system when using water pumps to raise water pressure (specially upper floors). This can be solved by using a de-compression valve (less than 550 KPa) or using high efficient water taps which will enhance water pressure without increasing water flow.
"
Existing buildings,مباني قائمة,Providing water quality-existing buildings,توفير جودة المياه-مباني قائمة,هل تلاحظ تلف الحنفيات أو الأنابيب أو تركيبات المياه الأخرى بسرعة؟," Do you notice the short life span of taps, pipes or other water fixtures?","قد يعود السبب لوجود ضغط ماء عالي في نظام المياه في المبنى بوجود مضخة لزيادة ضغط المياه (خاصة للطوابق العليا في المباني). يمكن حل هذه المشكلة من خلال استخدام صمام يساعد على تخفيف الضغط (لأقل من 550 كيلو باسكال) أو استخدام حنفيات ذات كفاءة مياه عالية (تعمل على تحسين ضغط المياه بدون زيادة التدفق)
","It may refer to the high water pressure on the water system when using water pumps to raise water pressure (specially upper floors). This can be solved by using a de-compression valve (less than 550 KPa) or using high efficient water taps which will enhance water pressure without increasing water flow.
"
Existing buildings,مباني قائمة,Providing water quality-existing buildings,توفير جودة المياه-مباني قائمة,هل من المجدي استخدام سخانات فورية أم سخانات شمسية للمياه؟,Is it feasible to use an instant heater or a solar heater?,"يعتمد على حالة الاستخدام، حيث تعتبر السخانات الفورية أكثر جدوى في مباني العمل (مكاتب مثلاً) التي لا تحتاج لكميات كبيرة من المياه الساخنة، مما يساعد في تقليل الوقت المستهلك لانتظار وصول المياه الساخنة للمستخدم وتقليل إهدار المياه. بينما تعتبر السخانات الشمسية مجدية في المنازل والأماكن التي يكثر بها استخدام المياه الساخنة. 
","It depends on the case of use. Instant heater (electrical) is feasible in working spaces (e.g. offices) where low quantity of water is required, instant heaters need less time and less water to deliver hot water to the user. However, solar heaters are feasible in homes and places where a high quantity of water is required. "
Existing buildings,مباني قائمة,Providing water quality-existing buildings,توفير جودة المياه-مباني قائمة,هل من المجدي استخدام سخانات فورية أم سخانات شمسية للمياه؟,Is it feasible to use an instant heater or a solar heater?,"يعتمد على حالة الاستخدام، حيث تعتبر السخانات الفورية أكثر جدوى في مباني العمل (مكاتب مثلاً) التي لا تحتاج لكميات كبيرة من المياه الساخنة، مما يساعد في تقليل الوقت المستهلك لانتظار وصول المياه الساخنة للمستخدم وتقليل إهدار المياه. بينما تعتبر السخانات الشمسية مجدية في المنازل والأماكن التي يكثر بها استخدام المياه الساخنة. 
","It depends on the case of use. Instant heater (electrical) is feasible in working spaces (e.g. offices) where low quantity of water is required, instant heaters need less time and less water to deliver hot water to the user. However, solar heaters are feasible in homes and places where a high quantity of water is required. "
Existing buildings,مباني قائمة,Providing water quality-existing buildings,توفير جودة المياه-مباني قائمة,هل من المجدي استخدام سخانات فورية أم سخانات شمسية للمياه؟,Is it feasible to use an instant heater or a solar heater?,"يعتمد على حالة الاستخدام، حيث تعتبر السخانات الفورية أكثر جدوى في مباني العمل (مكاتب مثلاً) التي لا تحتاج لكميات كبيرة من المياه الساخنة، مما يساعد في تقليل الوقت المستهلك لانتظار وصول المياه الساخنة للمستخدم وتقليل إهدار المياه. بينما تعتبر السخانات الشمسية مجدية في المنازل والأماكن التي يكثر بها استخدام المياه الساخنة. 
","It depends on the case of use. Instant heater (electrical) is feasible in working spaces (e.g. offices) where low quantity of water is required, instant heaters need less time and less water to deliver hot water to the user. However, solar heaters are feasible in homes and places where a high quantity of water is required. "
Existing buildings,مباني قائمة,Providing water quality-existing buildings,توفير جودة المياه-مباني قائمة,هل من المجدي استخدام سخانات فورية أم سخانات شمسية للمياه؟,Is it feasible to use an instant heater or a solar heater?,"يعتمد على حالة الاستخدام، حيث تعتبر السخانات الفورية أكثر جدوى في مباني العمل (مكاتب مثلاً) التي لا تحتاج لكميات كبيرة من المياه الساخنة، مما يساعد في تقليل الوقت المستهلك لانتظار وصول المياه الساخنة للمستخدم وتقليل إهدار المياه. بينما تعتبر السخانات الشمسية مجدية في المنازل والأماكن التي يكثر بها استخدام المياه الساخنة. 
","It depends on the case of use. Instant heater (electrical) is feasible in working spaces (e.g. offices) where low quantity of water is required, instant heaters need less time and less water to deliver hot water to the user. However, solar heaters are feasible in homes and places where a high quantity of water is required. "
Existing buildings,مباني قائمة,Providing water quality-existing buildings,توفير جودة المياه-مباني قائمة,,,,
Existing buildings,مباني قائمة,Providing water quality-existing buildings,توفير جودة المياه-مباني قائمة,كيف يمكنني توفير استهلاك المركبة (السيارة) للوقود؟,How can I save fuel consumption in my car?,"هناك بعض الممارسات الخاطئة والتي تساعد في زيادة استهلاك الوقود في المركبات، يمكن اتباع النصائح التالية لتقليل الاستخدام:
1. 	إطفاء المحرك عند الانتظار لفترة تزيد عن دقيقتين.
2. 	القيادة بسرعة ثابتة
3. 	الصيانة الدورية للمركبة تساعد في تحسين كفاءة استهلاك الوقود بنسبة تصل إلى 10%.
4. 	التأكد من ضغط عجلات المركبة، حيث أن العجلات التي يقل ضغطها للربع تسبب زيادة بنسبة 2% من استهلاك الوقود.
5. 	الحفاظ على حمولة المركبة ضمن الحد الطبيعي، فكل 45 كيلوغرام من الحملة تسبب بزيادة الاستهلاك بنسبة 2%.
6. 	الاعتماد على التهوية الطبيعية للسيارة عند التحرك بسرعة تزيد عن 65 كيلومتر/ساعة.
7. 	الاستثمار بشراء سيارة هجينة – Hybrid (تعتمد على الوقود والكهرباء)
","Some popular practices can waste the fuel in your car, you can follow the following tips to save your fuel:
Switch off the car if you’ll wait more than 2 minutes.
Ride at constant speed.
Periodic maintenance can enhance the fuel efficiency up to 10%.
Check tire pressure, tire pressure decreases by 25% can increase fuel consumption by 2%.
To limit can load in the range. Every extra 45 KG of load increases the load by 2%.
Using natural ventilation in the can when you ride at a speed of 65 KM/H.
Invest in hybrid car (using both fuel and electrical energy)
"
Existing buildings,مباني قائمة,Improving the health of individuals-existing buildings,تحسين صحة الافراد-مباني قائمة,كيف يمكنني توفير استهلاك المركبة (السيارة) للوقود؟,How can I save fuel consumption in my car?,"هناك بعض الممارسات الخاطئة والتي تساعد في زيادة استهلاك الوقود في المركبات، يمكن اتباع النصائح التالية لتقليل الاستخدام:
1. 	إطفاء المحرك عند الانتظار لفترة تزيد عن دقيقتين.
2. 	القيادة بسرعة ثابتة
3. 	الصيانة الدورية للمركبة تساعد في تحسين كفاءة استهلاك الوقود بنسبة تصل إلى 10%.
4. 	التأكد من ضغط عجلات المركبة، حيث أن العجلات التي يقل ضغطها للربع تسبب زيادة بنسبة 2% من استهلاك الوقود.
5. 	الحفاظ على حمولة المركبة ضمن الحد الطبيعي، فكل 45 كيلوغرام من الحملة تسبب بزيادة الاستهلاك بنسبة 2%.
6. 	الاعتماد على التهوية الطبيعية للسيارة عند التحرك بسرعة تزيد عن 65 كيلومتر/ساعة.
7. 	الاستثمار بشراء سيارة هجينة – Hybrid (تعتمد على الوقود والكهرباء)
","Some popular practices can waste the fuel in your car, you can follow the following tips to save your fuel:
Switch off the car if you’ll wait more than 2 minutes.
Ride at constant speed.
Periodic maintenance can enhance the fuel efficiency up to 10%.
Check tire pressure, tire pressure decreases by 25% can increase fuel consumption by 2%.
To limit can load in the range. Every extra 45 KG of load increases the load by 2%.
Using natural ventilation in the can when you ride at a speed of 65 KM/H.
Invest in hybrid car (using both fuel and electrical energy)
"
Existing buildings,مباني قائمة,Improving the health of individuals-existing buildings,تحسين صحة الافراد-مباني قائمة,ما الحل لمشكلة الغبار المفرطة في الموقع الناتجة عن الانشاء؟,How to get rid of dust in construction locations?,ينصح بوضع استراتيجيات أو خطة لمنع التلوث خارج الموقع سواء بناء قائم أو جديد للحد من الغبار والرواسب بالإضافة الى أن اتخاذ هذه الخطوة يحافظ على السلامة العامة.,Pollution prevention plan or strategy is recommended for both new and existing buildings to limit dust and residues. This step can improve public safety in the location. 
Existing buildings,مباني قائمة,Improving the health of individuals-existing buildings,تحسين صحة الافراد-مباني قائمة,ما الحل لمشكلة الغبار المفرطة في الموقع الناتجة عن الانشاء؟,How to get rid of dust in construction locations?,ينصح بوضع استراتيجيات أو خطة لمنع التلوث خارج الموقع سواء بناء قائم أو جديد للحد من الغبار والرواسب بالإضافة الى أن اتخاذ هذه الخطوة يحافظ على السلامة العامة.,Pollution prevention plan or strategy is recommended for both new and existing buildings to limit dust and residues. This step can improve public safety in the location. 
Existing buildings,مباني قائمة,Improving the health of individuals-existing buildings,تحسين صحة الافراد-مباني قائمة,كيف يمكن أن نقلل من التلوث حول المبنى وبنفس الوقت جعل التنقل الى الموقع أكثر استدامة؟,How to reduce pollution around the building and have more sustainable transportation?,بالدرجة الأولى يفضل اختيار موقع قريب من خطوط المواصلات العامة خصوصاً إذا كانت طبيعة المشروع عام، وبالدرجة الثانية يمكن استخدام المركبات الصديقة للبيئة وتشجيع ركوب الدراجات الهوائية.,"Firstly, It is recommended to select a location near the public transportation specially for public buildings. Secondly, using eco-friendly cars and encourage using bicycles."
Existing buildings,مباني قائمة,Improving the health of individuals-existing buildings,تحسين صحة الافراد-مباني قائمة,كيف يمكن أن نقلل من التلوث حول المبنى وبنفس الوقت جعل التنقل الى الموقع أكثر استدامة؟,How to reduce pollution around the building and have more sustainable transportation?,بالدرجة الأولى يفضل اختيار موقع قريب من خطوط المواصلات العامة خصوصاً إذا كانت طبيعة المشروع عام، وبالدرجة الثانية يمكن استخدام المركبات الصديقة للبيئة وتشجيع ركوب الدراجات الهوائية.,"Firstly, It is recommended to select a location near the public transportation specially for public buildings. Secondly, using eco-friendly cars and encourage using bicycles."
Existing buildings,مباني قائمة,Improving the health of individuals-existing buildings,تحسين صحة الافراد-مباني قائمة,أيهما أكثر استدامة: بناء جديد موفر للطاقة أم إعادة تأهيل مباني قائمة؟,"Which is more sustainable, to build an energy efficient building or to retrofit an existing one?","إعادة تأهيل المباني يقلل من استخدام الطاقة والنفايات المرتبطة بالهدم والبناء الجديد حسب ما أثبتت الدراسات
علما أن المبنى الجديد حتى لو كان موفر للطاقة، يحتاج من 10 إلى 80 عام لتعويض آثار تغير المناخ الناتجة عن بنائه.
",Retrofitting an existing building reduce energy consumption and solid waste from construction and deconstruction processes. Some studies showed that even energy efficient new building needs 80 to 100 years to recover climate effects. 
Existing buildings,مباني قائمة,Improving the health of individuals-existing buildings,تحسين صحة الافراد-مباني قائمة,أيهما أكثر استدامة: بناء جديد موفر للطاقة أم إعادة تأهيل مباني قائمة؟,"Which is more sustainable, to build an energy efficient building or to retrofit an existing one?","إعادة تأهيل المباني يقلل من استخدام الطاقة والنفايات المرتبطة بالهدم والبناء الجديد حسب ما أثبتت الدراسات
علما أن المبنى الجديد حتى لو كان موفر للطاقة، يحتاج من 10 إلى 80 عام لتعويض آثار تغير المناخ الناتجة عن بنائه.
",Retrofitting an existing building reduce energy consumption and solid waste from construction and deconstruction processes. Some studies showed that even energy efficient new building needs 80 to 100 years to recover climate effects. 
Existing buildings,مباني قائمة,Improving the health of individuals-existing buildings,تحسين صحة الافراد-مباني قائمة,أيهما أكثر استدامة: بناء جديد موفر للطاقة أم إعادة تأهيل مباني قائمة؟,"Which is more sustainable, to build an energy efficient building or to retrofit an existing one?","إعادة تأهيل المباني يقلل من استخدام الطاقة والنفايات المرتبطة بالهدم والبناء الجديد حسب ما أثبتت الدراسات
علما أن المبنى الجديد حتى لو كان موفر للطاقة، يحتاج من 10 إلى 80 عام لتعويض آثار تغير المناخ الناتجة عن بنائه.
",Retrofitting an existing building reduce energy consumption and solid waste from construction and deconstruction processes. Some studies showed that even energy efficient new building needs 80 to 100 years to recover climate effects. 
New buildings,مباني جديدة,Providing water quality-new buildings,توفير جودة المياة-مباني جديدة,أيهما أكثر استدامة: بناء جديد موفر للطاقة أم إعادة تأهيل مباني قائمة؟,"Which is more sustainable, to build an energy efficient building or to retrofit an existing one?","إعادة تأهيل المباني يقلل من استخدام الطاقة والنفايات المرتبطة بالهدم والبناء الجديد حسب ما أثبتت الدراسات
علما أن المبنى الجديد حتى لو كان موفر للطاقة، يحتاج من 10 إلى 80 عام لتعويض آثار تغير المناخ الناتجة عن بنائه.
",Retrofitting an existing building reduce energy consumption and solid waste from construction and deconstruction processes. Some studies showed that even energy efficient new building needs 80 to 100 years to recover climate effects. 
New buildings,مباني جديدة,Providing water quality-new buildings,توفير جودة المياة-مباني جديدة,ما فائدة استخدام مواد محلية ( فلسطينية) و\او إقليمية؟,What would be the point of using local (Palestinian) and/or regional materials?,".تشجيع المقاولين باختيار مواد محلية الصنع تقلل الآثار البيئية الناجمة عن نقل البضائع
   كما أن دعم المنتج المحلي يساعد على تطويره مستقبلياً والدفع باتجاه الاهتمام بالمعايير البيئية الخضراء.
","Encourage contractors to use local/regional products can reduce the negative impact on the environment caused by material transportation.
Support local products help to develop its quality in the near future, and moving towards taking green measures in the industry.
"
New buildings,مباني جديدة,Providing water quality-new buildings,توفير جودة المياة-مباني جديدة,ما فائدة استخدام مواد محلية ( فلسطينية) و\او إقليمية؟,What would be the point of using local (Palestinia,".تشجيع المقاولين باختيار مواد محلية الصنع تقلل الآثار البيئية الناجمة عن نقل البضائع
   كما أن دعم المنتج المحلي يساعد على تطويره مستقبلياً والدفع باتجاه الاهتمام بالمعايير البيئية الخضراء.
","Encourage contractors to use local/regional products can reduce the negative impact on the environment caused by material transportation.
Support local products help to develop its quality in the near future, and moving towards taking green measures in the industry.
"
New buildings,مباني جديدة,Providing water quality-new buildings,توفير جودة المياة-مباني جديدة,كيف يمكن أن نجعل عملية اختيار المواد للبناء مستدامة؟,How to select building material sustainably?,باختيار مواد ومنتجات التي تستخدم نسبة من المواد معادة الاستخدام خلال عملية تصنيع المنتج (recycled content)، بالإضافة إلى تشجيع المصانع على استخدام مواد معادة التدوير في عملية التصنيع لتقليل الطلب على المواد الخام وزيادة الطلب على فرز النفايات.,"selection/use of materials/products that constraints recycled content, in addition to encourage producers to use recycled content in order to limit the demand on virgin material and increase demand on waste separation."
New buildings,مباني جديدة,Providing water quality-new buildings,توفير جودة المياة-مباني جديدة,كيف يمكن أن نجعل عملية اختيار المواد للبناء مستدامة؟,How to select building material sustainably?,باختيار مواد ومنتجات التي تستخدم نسبة من المواد معادة الاستخدام خلال عملية تصنيع المنتج (recycled content)، بالإضافة إلى تشجيع المصانع على استخدام مواد معادة التدوير في عملية التصنيع لتقليل الطلب على المواد الخام وزيادة الطلب على فرز النفايات.,"selection/use of materials/products that constraints recycled content, in addition to encourage producers to use recycled content in order to limit the demand on virgin material and increase demand on waste separation."
New buildings,مباني جديدة,Providing water quality-new buildings,توفير جودة المياة-مباني جديدة,ما سبب وجود مناطق ذات حرارة أعلى من غيرها خلال النهار خاصة في فصل الصيف؟,Why do we find areas with higher temperatures than others during summer days?,"ظاهرة الجزيرة الحرارية الحضرية ((Urban Heat Island هي ظاهرة ناتجة في الأماكن الحضرية نتيجة وجود أسطح مثل أسطح الاسفلت تعمل على امتصاص أشعة الشمس وإعادة اشعاعها لتشكل تجمع حراري ""جزيرة حرارية"" فتكون درجات الحرارة في هذه المناطق أعلى من الطبيعي. للتخفيف من هذه الظاهرة ينصح باستخدام مواد نفاذية وباللون الفاتح في أعمال الأرضيات حول المبنى وزيادة المساحات الخضراء أو على الأقل تصغير مساحات الاسفلت حول المبنى. ","This is called “urban heat island”, which is a phenomena where areas like asphalt absorb sun heat and return it to the surrounding to form a thermal area 
“Heat island” with higher temperature than other areas. In order to prevent this phenomena is it recommended to use porous ground materials with light colors, or at least, to minimize asphalt areas around building."
New buildings,مباني جديدة,Improving people's health-new buildings,تحسين صحة الافراد-مباني جديدة,ما سبب وجود مناطق ذات حرارة أعلى من غيرها خلال النهار خاصة في فصل الصيف؟,Why do we find areas with higher temperatures than others during summer days?,"ظاهرة الجزيرة الحرارية الحضرية ((Urban Heat Island هي ظاهرة ناتجة في الأماكن الحضرية نتيجة وجود أسطح مثل أسطح الاسفلت تعمل على امتصاص أشعة الشمس وإعادة اشعاعها لتشكل تجمع حراري ""جزيرة حرارية"" فتكون درجات الحرارة في هذه المناطق أعلى من الطبيعي. للتخفيف من هذه الظاهرة ينصح باستخدام مواد نفاذية وباللون الفاتح في أعمال الأرضيات حول المبنى وزيادة المساحات الخضراء أو على الأقل تصغير مساحات الاسفلت حول المبنى. ","This is called “urban heat island”, which is a phenomena where areas like asphalt absorb sun heat and return it to the surrounding to form a thermal area 
“Heat island” with higher temperature than other areas. In order to prevent this phenomena is it recommended to use porous ground materials with light colors, or at least, to minimize asphalt areas around building."
New buildings,مباني جديدة,Improving people's health-new buildings,تحسين صحة الافراد-مباني جديدة,"ما هي المرحلة التي يؤثر بها المبنى سلبياً على البيئة؟
",In which phase does a building negatively affect the environment?,"يكون للمباني تأثيرات بيئية محلية وإقليمية وعالمية في جميع مراحل حياة المبنى. يحدث بعضها أثناء استخراج وتصنيع ونقل المواد؛ وجزء آخر أثناء البناء والتشغيل؛ والجزء الأخير يحدث عند الهدم والتخلص من المباني ومخلفاتها.
","Building affect the local, regional and international environment in all phases, some occurs in material extraction and production, construction, operation, deconstruction or waste disposal. "
New buildings,مباني جديدة,Improving people's health-new buildings,تحسين صحة الافراد-مباني جديدة,"ما هي المرحلة التي يؤثر بها المبنى سلبياً على البيئة؟
",In which phase does a building negatively affect the environment?,"يكون للمباني تأثيرات بيئية محلية وإقليمية وعالمية في جميع مراحل حياة المبنى. يحدث بعضها أثناء استخراج وتصنيع ونقل المواد؛ وجزء آخر أثناء البناء والتشغيل؛ والجزء الأخير يحدث عند الهدم والتخلص من المباني ومخلفاتها.
","Building affect the local, regional and international environment in all phases, some occurs in material extraction and production, construction, operation, deconstruction or waste disposal. "
New buildings,مباني جديدة,Improving people's health-new buildings,تحسين صحة الافراد-مباني جديدة,كيف يمكن تقليل أثر دورة حياة المبنى على البيئة؟,How to limit building impact on the environment?,بعض الأفكار لتقليل الضرر تتمثل في: ترميم المباني الحالية وإعادة تأهيلها، إعادة استخدام مكونات المبنى، وتقليل البصمة البيئية للمبنى من خلال فحص تقييم دورة الحياة (LCA)الذي يحدد أكبر عدد ممكن من هذه التأثيرات البيئية.,"There are some ideas to do so, including but not limited to: retrofit existing buildings, reuse existing building components, and reduce carbon footprint through life cycle assessment which can indicate the main effects of the building."
New buildings,مباني جديدة,Improving people's health-new buildings,تحسين صحة الافراد-مباني جديدة,كيف يمكن تقليل أثر دورة حياة المبنى على البيئة؟,How to limit building impact on the environment?,بعض الأفكار لتقليل الضرر تتمثل في: ترميم المباني الحالية وإعادة تأهيلها، إعادة استخدام مكونات المبنى، وتقليل البصمة البيئية للمبنى من خلال فحص تقييم دورة الحياة (LCA)الذي يحدد أكبر عدد ممكن من هذه التأثيرات البيئية.,"There are some ideas to do so, including but not limited to: retrofit existing buildings, reuse existing building components, and reduce carbon footprint through life cycle assessment which can indicate the main effects of the building."
New buildings,مباني جديدة,Improving people's health-new buildings,تحسين صحة الافراد-مباني جديدة,كيف يمكن التعامل مع النفايات بطريقة صديقة للبيئة؟,How to treat waste in a green way?,"تعتبر النقاط التالية من أبسط أشكال التعامل الصحيح مع النفايات الصلبة في المباني بكافة أنواعها:
1.    تقليل كمية النفايات المستهلكة، وذلك بتقليل الاعتماد على المواد ذات الاستخدام الواحد (مثل الكاسات البلاستيك).
2.    الاعتماد على فرز النفايات: فرز نوعين من أنواع النفايات على الأقل (مثلا كرتون وبلاستيك أو زجاج) و\أو فرز النفايات الخطرة (بطاريات، أجهزة إلكترونية، خلايا طاقة شمسية.. الخ) و/أو نفايات عضوية.
","These considerations is the simplest ways to treat waste in all building types:
Waste prevention by reducing single-use materials options in our lifestyle (like plastic cups).
Depend on waste separation: separation of at least 2 types of waste (like cartoon, plastic, or glass), hazardous waste (like batteries, electrical waste, solar panels, etc.) and/or organic waste.
"
New buildings,مباني جديدة,Improving people's health-new buildings,تحسين صحة الافراد-مباني جديدة,كيف يمكن التعامل مع النفايات بطريقة صديقة للبيئة؟,How to treat waste in a green way?,"تعتبر النقاط التالية من أبسط أشكال التعامل الصحيح مع النفايات الصلبة في المباني بكافة أنواعها:
1.    تقليل كمية النفايات المستهلكة، وذلك بتقليل الاعتماد على المواد ذات الاستخدام الواحد (مثل الكاسات البلاستيك).
2.    الاعتماد على فرز النفايات: فرز نوعين من أنواع النفايات على الأقل (مثلا كرتون وبلاستيك أو زجاج) و\أو فرز النفايات الخطرة (بطاريات، أجهزة إلكترونية، خلايا طاقة شمسية.. الخ) و/أو نفايات عضوية.
","These considerations is the simplest ways to treat waste in all building types:
Waste prevention by reducing single-use materials options in our lifestyle (like plastic cups).
Depend on waste separation: separation of at least 2 types of waste (like cartoon, plastic, or glass), hazardous waste (like batteries, electrical waste, solar panels, etc.) and/or organic waste.
"
New buildings,مباني جديدة,Energy saving-new buildings,توفير الطاقة-مباني جديدة,ما مصير النفايات الصلبة التي يتم التخلص منها؟,Where the waste went?,منها من يتم إعادة تدويره واستخدامه كمواد خام في منتجات جديدة (وهي نسبة قليلة)، ومعظمها يتم دفنه في مدافن خاصة تحت الأرض ومنها من يتم التخلص منه بطريقة خاطئة بوضعه في مكبات غير مخصصة تزيد من التلوث البيئي وتسبب الأمراض لسكان المنطقة.,"Part of it is recycled or reused as raw material for new products (very limited percentage), but mostly it went to landfills or disposed in a wrong way such as throw in a random areas (illegally) which increase environmental impact and harm the population in the area.
"
New buildings,مباني جديدة,Energy saving-new buildings,توفير الطاقة-مباني جديدة,ما مصير النفايات الصلبة التي يتم التخلص منها؟,Where the waste went?,منها من يتم إعادة تدويره واستخدامه كمواد خام في منتجات جديدة (وهي نسبة قليلة)، ومعظمها يتم دفنه في مدافن خاصة تحت الأرض ومنها من يتم التخلص منه بطريقة خاطئة بوضعه في مكبات غير مخصصة تزيد من التلوث البيئي وتسبب الأمراض لسكان المنطقة.,"Part of it is recycled or reused as raw material for new products (very limited percentage), but mostly it went to landfills or disposed in a wrong way such as throw in a random areas (illegally) which increase environmental impact and harm the population in the area.
"
New buildings,مباني جديدة,Energy saving-new buildings,توفير الطاقة-مباني جديدة,ما هي نسبة النفايات التي يمكن إعادة تدويرها واستخدامها كمواد خام جديدة؟,How much of our waste can be recycled or reused as a raw material?,"يشكل الورق والأغذية والزجاج والمعادن والبلاستيك - القابل لإعادة التدوير - ما يقارب من 69٪ من إجمالي النفايات الصلبة في جميع أنحاء العالم. جميعها يمكن إعادة تدويرها كمواد خام جديدة خصوصاً لبعض الصناعات.
","Paper, food, glass, metals, and plastic which accounted for around 69% of international solid waste. All can be recycled or reused as  raw material for some industries."
New buildings,مباني جديدة,Energy saving-new buildings,توفير الطاقة-مباني جديدة,ما هي نسبة النفايات التي يمكن إعادة تدويرها واستخدامها كمواد خام جديدة؟,How much of our waste can be recycled or reused as a raw material?,"يشكل الورق والأغذية والزجاج والمعادن والبلاستيك - القابل لإعادة التدوير - ما يقارب من 69٪ من إجمالي النفايات الصلبة في جميع أنحاء العالم. جميعها يمكن إعادة تدويرها كمواد خام جديدة خصوصاً لبعض الصناعات.
","Paper, food, glass, metals, and plastic which accounted for around 69% of international solid waste. All can be recycled or reused as  raw material for some industries."
New buildings,مباني جديدة,Energy saving-new buildings,توفير الطاقة-مباني جديدة,كيف يمكن لأصحاب المباني القائمة التعامل مع النفايات؟,How can existing building owners handle waste?,لا يزال التخلص من النفايات يمثل عبئًا بيئيًا كبيرًا على المجتمعات والنظم البيئية، يمكن معالجة هذه المشكلة من خلال تقليل كمية النفايات أو إعادة تحويلها مما يقلل من تكلفة معالجة النفايات. تقليل النفايات يكون من خلال تقليل الاعتماد على المواد أحادية الاستخدام (مثل البلاستيك والكرتون).,"Solid waste is a serious issue that harms the environment and societies. This can be solved by waste reduction, recycling in order to decrease the cost of waste treatment. Waste reduction can be achieved by reducing dependency on single-use materials such as plastic and carton. "
New buildings,مباني جديدة,Energy saving-new buildings,توفير الطاقة-مباني جديدة,"كيف يمكن الاستفادة من النفايات المنزلية والتقليل من مدافن النفايات؟
",How to take advantage of household waste and reduce landfilling?,يمكن تسميد النفايات العضوية(compost) عوضاً عن إلقاءها بالقمامة لتحويلها الى سماد طبيعي للاستفادة منه بالحديقة المنزلية أو الزراعة، بالإضافة الى تقليل كمية النفايات التي يتم نقلها للمدافن والبصمة البيئية المتعلقة بهذه العملية.,"You can compost you organic waste instead of landfilling, you can use the compost in your garden. This also help to reduce waste transported to landfills, and enhance the environmental footprint."
New buildings,مباني جديدة,Energy saving-new buildings,توفير الطاقة-مباني جديدة,كيف يمكن التعامل مع والاستفادة من نفايات البناء أثناء عملية الانشاء؟,How to handle construction waste during construction phase?,يوصي المجلس الفلسطيني للأبنية الخضراء فرز 50% من نفايات البناء (وإعادة استخدامها) – يمكن فرز 3 أنواع نفايات على الأقل (مثلا حديد، بلاستيك، خشب، ورق او كرتون، أو ألواح جبس).,"Palestine Green Building Council recommend to separate and/or recycle  50% the construction waste, you can benefit from (at least) 3 types of waste (e.g. iron, plastic, wood, paper and cartoon, gypsum, etc.)"
New buildings,مباني جديدة,Energy saving-new buildings,توفير الطاقة-مباني جديدة,كيف يمكن الاستفادة من مخلفات الهدم؟,How to use the deconstruction waste?,يمكن إعادة تدوير وإعادة تصنيع مخلفات البناء مثل الأسمنت لإعادة إنتاجه على شكل طوب اسمنتي صديق للبيئة، فمثلا في عام 2015، قامت احدى الطالبات المهندسات في غزة بإعادة تصنيع رماد الفحم الناتج عن إنتاج الطاقة في غزة على شكل طوب تم استخدامه في إعادة إعمار غزة.,"Deconstruction waste can be recycled or recovered for other industries. For example, concrete can be reused to produce cement bricks. In 2015 engineering student female in Gaza reused coal dust (by product of energy production) in bricks that were used in re-construction phase. "
New buildings,مباني جديدة,Energy saving-new buildings,توفير الطاقة-مباني جديدة,هل تعلم أن معظم الدهانات المستخدمة بالبيوت ضارة بالصحة؟ ما السبب برأيك/ي؟,Did you know that paints used in our homes can harm your health? What’s the reason?,"لاحتوائها على نسبة عالية من المواد العضوية المتطايرة (VOC's) التي تعتبر من الملوثات الهوائية، فتسبب أمراض رئوية وسرطانات. فينصح باستخدام دهانات صديقة للبيئة عوضا عن الدهانات التقليدية. وان وجب استخدام الدهانات التقليدية فيجب على المشتري أن يتأكد من اللاصق على المنتج ويبحث عن ""low VOC"" أو باستشارة متخصصي مواد البناء أو البائعين.","According to contain high percentage of volatile organic compounds (VOCs) which considered as air pollutants, harming human health and cause lung diseases and cancer. It is recommended to useeco-friendly paints instead of traditional paints. If you have to use the traditional paints, make sure it is labelled with “Low VOCs”, or consult the seller."
New buildings,مباني جديدة,Energy saving-new buildings,توفير الطاقة-مباني جديدة,هل تعلم أن معظم الدهانات المستخدمة بالبيوت ضارة بالصحة؟ ما السبب برأيك/ي؟,Did you know that paints used in our homes can harm your health? What’s the reason?,"لاحتوائها على نسبة عالية من المواد العضوية المتطايرة (VOC's) التي تعتبر من الملوثات الهوائية، فتسبب أمراض رئوية وسرطانات. فينصح باستخدام دهانات صديقة للبيئة عوضا عن الدهانات التقليدية. وان وجب استخدام الدهانات التقليدية فيجب على المشتري أن يتأكد من اللاصق على المنتج ويبحث عن ""low VOC"" أو باستشارة متخصصي مواد البناء أو البائعين.","According to contain high percentage of volatile organic compounds (VOCs) which considered as air pollutants, harming human health and cause lung diseases and cancer. It is recommended to useeco-friendly paints instead of traditional paints. If you have to use the traditional paints, make sure it is labelled with “Low VOCs”, or consult the seller."
New buildings,مباني جديدة,Energy saving-new buildings,توفير الطاقة-مباني جديدة,كيف يمكنني معرفة إذا كان الدهان صحيّ أم لا؟,How to know if the paint is healthy or not?,"من خلال وجود ملصق يحمل شعار ""منخفض الانبعاثات"" أو Low VOC، أو من خلال الإطلاع على جدول محتويات الدهان والإطلاع على خانة المواد العضوية المتطايرة (أو VOC) بحيث تكون أقل من 250 جزء بالمليون ويفضل أن تكون أقل من 100 جزء بالمليون (أو 100 ppm).","Paints labelled with “low VOCs” or contains less than 250 ppm VOCs, but less than 100 ppm VOCs is preferred."
New buildings,مباني جديدة,Energy saving-new buildings,توفير الطاقة-مباني جديدة,كيف يمكنني معرفة إذا كان الدهان صحيّ أم لا؟,How to know if the paint is healthy or not?,"من خلال وجود ملصق يحمل شعار ""منخفض الانبعاثات"" أو Low VOC، أو من خلال الإطلاع على جدول محتويات الدهان والإطلاع على خانة المواد العضوية المتطايرة (أو VOC) بحيث تكون أقل من 250 جزء بالمليون ويفضل أن تكون أقل من 100 جزء بالمليون (أو 100 ppm).","Paints labelled with “low VOCs” or contains less than 250 ppm VOCs, but less than 100 ppm VOCs is preferred."
New buildings,مباني جديدة,Energy saving-new buildings,توفير الطاقة-مباني جديدة,ما هي المواد العضوية المتطايرة؟  وما أضرارها الصحية؟,What is Volatile organic compound (VOC)? How it can affect the human health?,المواد العضوية المتطايرة هي مركبات عضوية تطلق على شكل غاز من كثير من المواد الصلبة أو السائلة المصنعة أو الطبيعية، وتعتبر من مصادر التلوث الكيميائي الداخلي. قد تم ربط التعرض المطوّل لتركيزات عالية من بعض المركبات العضوية المتطايرة بمجموعة واسعة من المشاكل الصحية المزمنة مثل السرطان الربو ومرض الانسداد الرئوي المزمن. ويمكن أن يؤدي التعرض قصير المدى للمركبات العضوية المتطايرة أيضًا إلى تفاعلات حادة، مثل تهيج العين والأنف والحلق.,"VOCs are organic gas compounds emitted from different artificial or natural solid and liquid products, and considered as indoor pollutants. Long term exposure to high concentrations of VOCs were connected to chronic health issues such as cancer, asthma, and  chronic obstructive pulmonary disease. Short term exposure can cause severe reactions like eyes, nose and throat irritation. "
New buildings,مباني جديدة,Energy saving-new buildings,توفير الطاقة-مباني جديدة,ما هي المواد العضوية المتطايرة؟  وما أضرارها الصحية؟,What is Volatile organic compound (VOC)? How it can affect the human health?,المواد العضوية المتطايرة هي مركبات عضوية تطلق على شكل غاز من كثير من المواد الصلبة أو السائلة المصنعة أو الطبيعية، وتعتبر من مصادر التلوث الكيميائي الداخلي. قد تم ربط التعرض المطوّل لتركيزات عالية من بعض المركبات العضوية المتطايرة بمجموعة واسعة من المشاكل الصحية المزمنة مثل السرطان الربو ومرض الانسداد الرئوي المزمن. ويمكن أن يؤدي التعرض قصير المدى للمركبات العضوية المتطايرة أيضًا إلى تفاعلات حادة، مثل تهيج العين والأنف والحلق.,"VOCs are organic gas compounds emitted from different artificial or natural solid and liquid products, and considered as indoor pollutants. Long term exposure to high concentrations of VOCs were connected to chronic health issues such as cancer, asthma, and  chronic obstructive pulmonary disease. Short term exposure can cause severe reactions like eyes, nose and throat irritation. "
New buildings,مباني جديدة,Energy saving-new buildings,توفير الطاقة-مباني جديدة,ما هي المواد العضوية المتطايرة؟  وما أضرارها الصحية؟,What is Volatile organic compound (VOC)? How it can affect the human health?," التعرض لهذه المواد مضر بعشرات الأضعاف عندما يتم التعرض لها بمكان مغلق فتسبب أمراض وسرطانات رئوية وضرر بالجهاز العصبي. من أكثر الأماكن التي يمكن أن تتعرض لها بالحياة اليومية هي منزلك، فتتواجد هذه المركبات في الدهانات، وبعض أنواع الديكورات، وأثاث المنزل الخشبي المصنع (particle board, plywood, wood glue) ، وبعض المنظفات والمطهرات، ومعطرات الجو، والمبيدات الحشرية، والتنظيف الجاف (dry cleaning) ، بالإضافة الى بعض أقلام التحديد، وفلاتر صنابير المياه. ","Exposure to such compounds can be 10x harmful if occurs in closed spaces, causing lung diseases and cancers, and nerve system damage. The most popular exposure space is your home, it is contained in paints, decorations, wood furniture (board, plywood, wood glue), some detergents, air fresheners, pesticides, dry cleaning products, highlighter pens, and water taps filters."
New buildings,مباني جديدة,Energy saving-new buildings,توفير الطاقة-مباني جديدة,ما هي المواد العضوية المتطايرة؟  وما أضرارها الصحية؟,What is Volatile organic compound (VOC)? How it can affect the human health?," التعرض لهذه المواد مضر بعشرات الأضعاف عندما يتم التعرض لها بمكان مغلق فتسبب أمراض وسرطانات رئوية وضرر بالجهاز العصبي. من أكثر الأماكن التي يمكن أن تتعرض لها بالحياة اليومية هي منزلك، فتتواجد هذه المركبات في الدهانات، وبعض أنواع الديكورات، وأثاث المنزل الخشبي المصنع (particle board, plywood, wood glue) ، وبعض المنظفات والمطهرات، ومعطرات الجو، والمبيدات الحشرية، والتنظيف الجاف (dry cleaning) ، بالإضافة الى بعض أقلام التحديد، وفلاتر صنابير المياه. ","Exposure to such compounds can be 10x harmful if occurs in closed spaces, causing lung diseases and cancers, and nerve system damage. The most popular exposure space is your home, it is contained in paints, decorations, wood furniture (board, plywood, wood glue), some detergents, air fresheners, pesticides, dry cleaning products, highlighter pens, and water taps filters."
New buildings,مباني جديدة,Energy saving-new buildings,توفير الطاقة-مباني جديدة,يمكن التقليل من وجود المواد العضوية باتباع النصائح,You can reduce the availability of VOC in your spaces through the following instructions:,"الحرص على إبقاء الغرف خالية من الرطوبة ودرجات الحرارة العالية حيث أن هذه المركبات يزيد إطلاقها بهذه الظروف. مع الحفاظ على التهوية الجيدة خصوصاً إذا تم دهان الجدران حديثاً.
<b>
استخدام الدهانات والمنتجات الصديقة للبيئة أو التي تحتوي على كميات قليلة من المواد العضوية المتطايرة، وعدم ترك عبوات الدهانات مفتوحة بالمنزل. يمكنك البحث عن إشارة ""قليل الانبعاثات- Low VOC"" أو ""صديق للبيئة- eco-friendly"" للتعرف على هذا النوع من المنتجات، أو استشر التاجر.
<b>

 التقليل من استخدام المعطرات واستخدام الشموع المصنوعة من صمغ الصويا أو شمع النحل واستخدام نباتات داخلية تعطي رائحة عوض عن هذه المنتجات.
<b>

عند استلام الملبوسات المنظفة بطريقة الجافة (dry cleaning) يجب تركها على الأقل يوم عند مكان الغسل ثم استلامها أو إزالة الغلاف البلاستيكي عنها عند استلامها مباشرة وذلك بهدف تهويتها والتخلص من المواد العضوية الطائرة بالأخص مادة البيركلوروثيلين. 
"," To maintain the rooms free of moisture and high temperatures, since VOCs released in higher rates under these circumstances. In addition to consider enough ventilation after painting process.
<b>
Using eco-friendly paints and materials with low VOC content, ensure the closure of bottles inside the building. You can look for “low VOC” or “eco-friendly” labels to identify the right products.
<b>
Reduce the use of air fresheners, soy-glu-candles, and beeswax candles. Use internal plants instead to help refresh the rooms.
<b>
To reduce the effect of dry cleaning clothes, leave it 24 hours at the cleaning place before receive, or uncover and ventilate it well before use to get rid of VOCs specially perclorithene.
"
New buildings,مباني جديدة,Environment-New Buildings,البيئة-مباني جديدة,إذا تواجدت المواد العضوية بالأثاث المنزلي الخشبي المصنع، فكيف يمكن التعامل معها؟,How to handle with VOCs from wood furniture?,عند شراء أثاث مصنع حديثاً (خصوصا أثاث التفصيل الذي يتم استلامه بعد تجهزيه مباشرة)، ينصح استلامه أو تخزينه مدة أسبوعين الى 3 أسابيع قبل إدخاله الى المنزل واستخدامه، وذلك للتخلص من المواد العضوية بشكل كبير في هذه الفترة. علماً بأن هذه المواد قد تبقى عالقة فترة كبيرة في الغرف المغلقة. أما في حال وجوب إدخال الأثاث الجديد إلى المنزل مباشرة فيجب الحرص على التهوية الزائدة للمنزل حتى يتم التخلص من هذه الروائح.,"After buying your firnatures (specially customized furniture where you receive it right after the production process), it is recommended to store it for 2-3 weeks before installation in the building, in order to get rid of VOCs. knowing that VOCs remains longer in closed areas. If you have to install it quickly after the production, make sure to extra ventilate the room to get rid of the smell."
New buildings,مباني جديدة,Environment-New Buildings,البيئة-مباني جديدة,إذا تواجدت المواد العضوية بالأثاث المنزلي الخشبي المصنع، فكيف يمكن التعامل معها؟,How to handle with VOCs from wood furniture?,عند شراء أثاث مصنع حديثاً (خصوصا أثاث التفصيل الذي يتم استلامه بعد تجهزيه مباشرة)، ينصح استلامه أو تخزينه مدة أسبوعين الى 3 أسابيع قبل إدخاله الى المنزل واستخدامه، وذلك للتخلص من المواد العضوية بشكل كبير في هذه الفترة. علماً بأن هذه المواد قد تبقى عالقة فترة كبيرة في الغرف المغلقة. أما في حال وجوب إدخال الأثاث الجديد إلى المنزل مباشرة فيجب الحرص على التهوية الزائدة للمنزل حتى يتم التخلص من هذه الروائح.,"After buying your firnatures (specially customized furniture where you receive it right after the production process), it is recommended to store it for 2-3 weeks before installation in the building, in order to get rid of VOCs. knowing that VOCs remains longer in closed areas. If you have to install it quickly after the production, make sure to extra ventilate the room to get rid of the smell."
New buildings,مباني جديدة,Environment-New Buildings,البيئة-مباني جديدة,يوجد مواد عضوية تتطاير من فلاتر صنابير المياه، فكيف يمكن الحد منها؟,How to handle VOCs from water taps filters?,للحد من هذه الظاهرة يجب استخدام فلاتر المياه الكربونية المصنوعة من مادة الكربون لأنها تمتص المواد العضوية المتطايرة عند مرورها بالفلتر، بالإضافة إلى تنقية المياه من البكتيريا و الفيروسات والملوثات الأخرى.,"Using activated-carbon water filters can absorb the VOCs, in addition to bacterial and other pollutants removal from water."
New buildings,مباني جديدة,Environment-New Buildings,البيئة-مباني جديدة,يوجد مواد عضوية تتطاير من فلاتر صنابير المياه، فكيف يمكن الحد منها؟,How to handle VOCs from water taps filters?,للحد من هذه الظاهرة يجب استخدام فلاتر المياه الكربونية المصنوعة من مادة الكربون لأنها تمتص المواد العضوية المتطايرة عند مرورها بالفلتر، بالإضافة إلى تنقية المياه من البكتيريا و الفيروسات والملوثات الأخرى.,"Using activated-carbon water filters can absorb the VOCs, in addition to bacterial and other pollutants removal from water."
New buildings,مباني جديدة,Environment-New Buildings,البيئة-مباني جديدة,من الصعب التخلص كليًا من المواد العضوية المتطايرة VOC's ، فما هي النسبة الآمنة من تواجدها؟,How hard is it to get rid of 100% of VOCs? And what is the safety exposure limit?,إحدى الدراسات تشير إلى بدء ظهور أعراض ملحوظة مثل الغثيان والأمراض التنفسية عند تواجد نسبة 25 مليغرام من هذه المواد لكل متر مكعب (250 جزء بالمليون)، علما بأن قيمة هذه النسبة التي تظهر عليها الأعراض هي أقل بكثير للأشخاص الذين يعانون من أمراض مزمنة تنفسية مثل الربو. كما أن هناك أجهزة استشعار يمكن أن تقرأ نسبة تواجدها بالغرفة.,"A study shows that noticeable effects like nausea and respiratory diseases associated with 25 ppm of VOCs, in addition, this limit is much more lower for those have chronic respiratory diseases like Asthma. You can use sensors to monitor the VOCs limit in the room."
New buildings,مباني جديدة,Environment-New Buildings,البيئة-مباني جديدة,كيف يمكن تجنب اختيار مواد ومنتجات تحتوي على نسبة عالية من المواد العضوية المتطايرة خلال أو قبل عملية البدء في الإنشاء للمبنى؟,How to avoid selection of high VOC material during or before building construction?,يجب على فرق العمل بالمشروع تحديد المنتجات التي تلبي شروط الاعتماد المحددة بواسطة المعايير المعترف بها ورفض أية منتجات لا تلبي المتطلبات.,"Working team should set the list of materials that meets the authorized standards, and reject materials that don’t meet the standards."
New buildings,مباني جديدة,Environment-New Buildings,البيئة-مباني جديدة,كيف يمكن تحسين من جودة البيئة الداخلية بشكل عام وتقليل آثار المواد العضوية المتطايرة؟,How to improve indoor air quality and reduce VOCs?,"من خلال التهوية الطبيعية الجيدة واختيار وزرع نباتات مناسبة، مثلاً هنالك بعض النباتات مناسبة للرطوبة فوجودهم يخفف من العفن الذي يمكن تواجده على الأسطح وينعش الجو الداخلي للغرفة فيمكن وضعها في أماكن مثل الحمامات او المطابخ أو بعض النباتات التي تخفف من آثار المواد العضوية المتطايرة من أثاث المنزل مثل المادة العضوية المتطايرة والمسرطنة ""فورمالدهايد."" ","Natural ventilation and using suitable plants, whereas some plants used for high humid areas to reduce the mold on surfaces and refresh indoor air, can be used in bathrooms or kitchens. Some plants can reduce the effect of VOCs and carcinogenic materials like Formaldehyde"
New buildings,مباني جديدة,Environment-New Buildings,البيئة-مباني جديدة,كيف يمكن تحسين من جودة البيئة الداخلية بشكل عام وتقليل آثار المواد العضوية المتطايرة؟,How to improve indoor air quality and reduce VOCs?,"من خلال التهوية الطبيعية الجيدة واختيار وزرع نباتات مناسبة، مثلاً هنالك بعض النباتات مناسبة للرطوبة فوجودهم يخفف من العفن الذي يمكن تواجده على الأسطح وينعش الجو الداخلي للغرفة فيمكن وضعها في أماكن مثل الحمامات او المطابخ أو بعض النباتات التي تخفف من آثار المواد العضوية المتطايرة من أثاث المنزل مثل المادة العضوية المتطايرة والمسرطنة ""فورمالدهايد."" ","Natural ventilation and using suitable plants, whereas some plants used for high humid areas to reduce the mold on surfaces and refresh indoor air, can be used in bathrooms or kitchens. Some plants can reduce the effect of VOCs and carcinogenic materials like Formaldehyde"
New buildings,مباني جديدة,Environment-New Buildings,البيئة-مباني جديدة,ما هي الراحة الحرارية؟ ما أهميتها؟,What is thermal comfort? And why is it important? ,الراحة الحرارية هي مدى رضى المستخدم عن البيئة الحرارية الداخلية بالغرفة أو المبنى، بالإضافة الى أنها تؤثر بشكل مباشر على الراحة النفسية للأشخاص والإنتاجية لكل شخص خاصة الموظفات/ين والطلبة.,"Thermal comfort expresses how satisfied is the building user with indoor thermal environment (of a room or building), it affects the psychological comfort of the users and their productivity, especially students and employees."
New buildings,مباني جديدة,Environment-New Buildings,البيئة-مباني جديدة,ما هي الراحة الحرارية؟ ما أهميتها؟,What is thermal comfort? And why is it important? ,الراحة الحرارية هي مدى رضى المستخدم عن البيئة الحرارية الداخلية بالغرفة أو المبنى، بالإضافة الى أنها تؤثر بشكل مباشر على الراحة النفسية للأشخاص والإنتاجية لكل شخص خاصة الموظفات/ين والطلبة.,"Thermal comfort expresses how satisfied is the building user with indoor thermal environment (of a room or building), it affects the psychological comfort of the users and their productivity, especially students and employees."
New buildings,مباني جديدة,Environment-New Buildings,البيئة-مباني جديدة,ما هي الراحة الحرارية؟ ما أهميتها؟,What is thermal comfort? And why is it important? ,الراحة الحرارية هي مدى رضى المستخدم عن البيئة الحرارية الداخلية بالغرفة أو المبنى، بالإضافة الى أنها تؤثر بشكل مباشر على الراحة النفسية للأشخاص والإنتاجية لكل شخص خاصة الموظفات/ين والطلبة.,"Thermal comfort expresses how satisfied is the building user with indoor thermal environment (of a room or building), it affects the psychological comfort of the users and their productivity, especially students and employees."
New buildings,مباني جديدة,Environment-New Buildings,البيئة-مباني جديدة,ما هي الراحة الحرارية؟ ما أهميتها؟,What is thermal comfort? And why is it important? ,الراحة الحرارية هي مدى رضى المستخدم عن البيئة الحرارية الداخلية بالغرفة أو المبنى، بالإضافة الى أنها تؤثر بشكل مباشر على الراحة النفسية للأشخاص والإنتاجية لكل شخص خاصة الموظفات/ين والطلبة.,"Thermal comfort expresses how satisfied is the building user with indoor thermal environment (of a room or building), it affects the psychological comfort of the users and their productivity, especially students and employees."
New buildings,مباني جديدة,Environment-New Buildings,البيئة-مباني جديدة,ما هي الظروف التي تحقق الراحة الحرارية للفراغ؟,How to achieve thermal comfort in the space?,"تختلف الراحة الحرارية من طبيعة مناخ الى أخر ومن فصل الى آخر ومن شخص الى آخر بالتالي لا توجد ظروف ثابتة محدد، لكن تعتمد على عدة عوامل منها درجة حرارة الغرفة ومستوى الرطوبة النسبية، وسرعة الهواء، وعوامل شخصية مثل نوع الملابس التي يرتديها الشخص وعمليات الأيض
","Temperature varies from climate to climate, season to season, and from person to person. Therefore, no such a standard for thermal comfort except that it depends on many factors, including but not limited to, room temperature, humidity, wind speed, personal factors like clothes type and metabolism of the user."
New buildings,مباني جديدة,Environment-New Buildings,البيئة-مباني جديدة,ما هي الظروف التي تحقق الراحة الحرارية للفراغ؟,How to achieve thermal comfort in the space?,"تختلف الراحة الحرارية من طبيعة مناخ الى أخر ومن فصل الى آخر ومن شخص الى آخر بالتالي لا توجد ظروف ثابتة محدد، لكن تعتمد على عدة عوامل منها درجة حرارة الغرفة ومستوى الرطوبة النسبية، وسرعة الهواء، وعوامل شخصية مثل نوع الملابس التي يرتديها الشخص وعمليات الأيض
","Temperature varies from climate to climate, season to season, and from person to person. Therefore, no such a standard for thermal comfort except that it depends on many factors, including but not limited to, room temperature, humidity, wind speed, personal factors like clothes type and metabolism of the user."
New buildings,مباني جديدة,Environment-New Buildings,البيئة-مباني جديدة,ما هي مصادر زيادة أو تقليل درجة الحرارة بالغرفة التي تؤثر على الراحة الحرارية؟,What factors increase or decrease temperature in the room which affect the thermal comfort?,المصادر التي ترفع درجة حرارة الغرفة هي المعدات الكهربائية مثل معدات الإضاءة وأجهزة الكمبيوتر والإشعاع الشمسي والوجود البشري. في المقابل، فإن مصادر البرودة الشائعة هي أسطح النوافذ والجدران المعزولة بشكل سيئ والجسور الحرارية في المباني.,"For raising temperature: electrical appliances like lights and computers, sunlight, human existence in the room can raise the room temperature.
On the other side, windows surface, poor insulation of walls and thermal bridges.
"
New buildings,مباني جديدة,Environment-New Buildings,البيئة-مباني جديدة,ما هي مصادر زيادة أو تقليل درجة الحرارة بالغرفة التي تؤثر على الراحة الحرارية؟,What factors increase or decrease temperature in the room which affect the thermal comfort?,المصادر التي ترفع درجة حرارة الغرفة هي المعدات الكهربائية مثل معدات الإضاءة وأجهزة الكمبيوتر والإشعاع الشمسي والوجود البشري. في المقابل، فإن مصادر البرودة الشائعة هي أسطح النوافذ والجدران المعزولة بشكل سيئ والجسور الحرارية في المباني.,"For raising temperature: electrical appliances like lights and computers, sunlight, human existence in the room can raise the room temperature.
On the other side, windows surface, poor insulation of walls and thermal bridges.
"
New buildings,مباني جديدة,Environment-New Buildings,البيئة-مباني جديدة,كيف يمكن الحصول على الراحة الحرارية؟,How to achieve thermal comfort?,يمكن القيام بتغييرات بسيطة لزيادة الراحة الحرارية في الغرفة مثل الحرص على تهوية الغرفة وتغيير الهواء بشكل منتظم في فصل الصيف، إطفاء الأنوار عندما لا يوجد حاجة منها أو الاستفادة من النور الطبيعي، إذا لم تستخدم ينصح إطفاء الأجهزة الكهربائية التي تزيد من درجة الحرارة في فصل الصيف.,"Some simple changes in the indoor environment can facilitate reaching thermal comfort, like good natural ventilation, air rotation especially in summer, turn off the lights when there is no need, using natural lights, turn off the electrical appliances that emit temperature in summer. "
New buildings,مباني جديدة,Environment-New Buildings,البيئة-مباني جديدة,كيف يمكن الحصول على الراحة الحرارية؟,How to achieve thermal comfort?,يمكن القيام بتغييرات بسيطة لزيادة الراحة الحرارية في الغرفة مثل الحرص على تهوية الغرفة وتغيير الهواء بشكل منتظم في فصل الصيف، إطفاء الأنوار عندما لا يوجد حاجة منها أو الاستفادة من النور الطبيعي، إذا لم تستخدم ينصح إطفاء الأجهزة الكهربائية التي تزيد من درجة الحرارة في فصل الصيف.,"Some simple changes in the indoor environment can facilitate reaching thermal comfort, like good natural ventilation, air rotation especially in summer, turn off the lights when there is no need, using natural lights, turn off the electrical appliances that emit temperature in summer. "
New buildings,مباني جديدة,Environment-New Buildings,البيئة-مباني جديدة,"كيف أقوم بتخفيض فاتورة الكهرباء من خلال الشبابيك؟ 
",How can I reduce my electric bills through building windows?,ضمان انسداد فتحات الشبابيك والأبواب يساعد في توفير الطاقة بنسبة تصل من 15-20%. وذلك من خلال استخدام مواد لإغلاق التشققات والفتحات يمكن الحصول عليها من محلات مواد البناء.,Making sure that the gaps between the window and wall are closed can save your energy between 15-20%. You can do it using special material to close boreholes from any construction material store.