name_ar,name_en,about_en,about_ar,location_ar,location_en,contact_info,phone,webiste,img
NDC,"NDC
","National policy document
(EQA)
","National policy document
(EQA)
","الضفة الغربية
و غزة
","West Bank
& gaza
",n72065@hotmail.com,599201541,https://www4.unfccc.int/sites/ndcstaging/PublishedDocuments/State%20of%20Palestine%20First/Updated%20NDC_%20State%20of%20Palestine_2021_FINAL.pdf,https://palgbc.org/img/entrepreneurs/10.jpg
B-Hub Birzeit University,,"
The B-Hub was established in 2017 to address the most critical problems facing the local economy - unsustainable small businesses, damaging social and environmental practices, and high unemployment rates among Palestinian youth. The B-Hub serves local small companies with focus on manufacturing, agro-tech, IT, and tourism industries. The companies are being served until they resolve their business and technical problems (e.g., development of new chemical formulas for products; enhancing production process; introducing green production and management techniques; development of a new business strategy, etc).  The B-Hub also serves startups –from any industry and owned by entrepreneurs of any ages. 
In the past 4 years, the B-Hub has served about 200 companies and more than 300 startups. 



","
أسست B-Hub عام 2017 بهدف تحديد المشاكل التي تواجه الاقتصاد المحلي- عدم استدامة الأعمال الصغيرة والممارسات التي تضر المجتمع والبيئة بالإضافة لارتفاع نسبة البطالة بين الشباب الفلسطيني. تخدم المؤسسة الشركات الصغيرة المحلية مع التركيز على قطاعات التصنيع، التقنيات الزراعية، تكنولوجيا المعلومات والسياحة. تتم خدمة هذه الشركات لحين ضمان حل مشكلات الأعمال والتقنيات التي تواجهها (مثل تطوير صيغة كيميائية لمنتج، تحسين عملية إنتاجية، إدخال منتج صديق للبيئة وإدارة تقنيات جديدة وغيرها). تخدم المؤسسة أيضاً الشركات الناشئة - من جميع القطاعات وتعود ملكيتها للمبادرين من جميع الأعمار-. خلال السنوات الأربعة الماضية عملت المؤسسة على مساعدة ما يزيد عن 200 شركة و300 شركة ناشئة. 
للمزيد من المعلومات: 
https://www.birzeit.edu/en/b-hub 

", الضفة الغربية, West Bank,obatran@birzeit.edu,,,https://www.palgbc.org//img/unnamed1.png
معهد فلسطين للتنوع الحيوي والإستدامة,"
Palestine Institute for Biodiversity and SustainabilityGate

","Largely through voluntary efforts and local donations, the Palestine Institute for Biodiversity and Sustainability, the Palestine Museum of Natural History and the Ecological Botanic Gardens were established at Bethlehem University in 2014. Our motto is Respect - First for ourselves, then for others, then for the environment. Our vision is for sustainable human and natural societies: enabling responsible human interactions with all components of our environment to promote a sustainable ecosystem. Our mission is to research, educate and preserve our natural world, culture and heritage, and to promote responsible human interactions with our environment.
","من خلال الجهود التطوعية والتبرعات المحلية إلى حد كبير، تم إنشاء معهد فلسطين للتنوع البيولوجي والاستدامة، ومتحف فلسطين للتاريخ الطبيعي والحدائق النباتية البيئية في جامعة بيت لحم في عام 2014. شعارنا الاحترام- أولاً لأنفسنا، ثم للآخرين، ثم للبيئة. رؤيتنا هي لمجتمعات بشرية وطبيعية مستدامة: تمكين التفاعلات البشرية المسؤولة مع جميع مكونات بيئتنا لتعزيز نظام بيئي مستدام. مهمتنا البحث والتثقيف حول عالمنا الطبيعي وثقافتنا وتراثنا والحفاظ عليها وتعزيز التفاعلات البشرية المسؤولة مع بيئتنا. ننشر البحوث والمعرفة حول الحيوان والنبات والإثنوغرافيا البشرية في فلسطين. ونعزز حماية البيئة والتفاعل المسؤول بين الناس والبيئة، بما في ذلك التراث الثقافي. تستخدم نتائج البحوث في مجالات مثل التنوع البيولوجي والتاريخ والثقافة والزراعة المستدامة والمراقبة البيولوجية لتعزيز المجتمعات المستدامة، مع التركيز على المجتمعات المهمشة.
","
الضفة الغربية

","West Bank
","mazin@palestinenature.org
",598939532,http://palestinenature.org,https://palgbc.org/img/entrepreneurs/4.jpg
معهد فلسطين للتنوع الحيوي والإستدامة,"Palestine Institute for Biodiversity and SustainabilityGate
","Largely through voluntary efforts and local donations, the Palestine Institute for Biodiversity and Sustainability, the Palestine Museum of Natural History and the Ecological Botanic Gardens were established at Bethlehem University in 2014. Our motto is Respect - First for ourselves, then for others, then for the environment. Our vision is for sustainable human and natural societies: enabling responsible human interactions with all components of our environment to promote a sustainable ecosystem. Our mission is to research, educate and preserve our natural world, culture and heritage, and to promote responsible human interactions with our environment.
","من خلال الجهود التطوعية والتبرعات المحلية إلى حد كبير، تم إنشاء معهد فلسطين للتنوع البيولوجي والاستدامة، ومتحف فلسطين للتاريخ الطبيعي والحدائق النباتية البيئية في جامعة بيت لحم في عام 2014. شعارنا الاحترام- أولاً لأنفسنا، ثم للآخرين، ثم للبيئة. رؤيتنا هي لمجتمعات بشرية وطبيعية مستدامة: تمكين التفاعلات البشرية المسؤولة مع جميع مكونات بيئتنا لتعزيز نظام بيئي مستدام. مهمتنا البحث والتثقيف حول عالمنا الطبيعي وثقافتنا وتراثنا والحفاظ عليها وتعزيز التفاعلات البشرية المسؤولة مع بيئتنا. ننشر البحوث والمعرفة حول الحيوان والنبات والإثنوغرافيا البشرية في فلسطين. ونعزز حماية البيئة والتفاعل المسؤول بين الناس والبيئة، بما في ذلك التراث الثقافي. تستخدم نتائج البحوث في مجالات مثل التنوع البيولوجي والتاريخ والثقافة والزراعة المستدامة والمراقبة البيولوجية لتعزيز المجتمعات المستدامة، مع التركيز على المجتمعات المهمشة.
","
الضفة الغربية

","West Bank
",mazin@palestinenature.org,598939532,http://palestinenature.org,https://palgbc.org/img/entrepreneurs/4.jpg
B-Hub Birzeit University,B-Hub Birzeit University,"
The B-Hub was established in 2017 to address the most critical problems facing the local economy - unsustainable small businesses, damaging social and environmental practices, and high unemployment rates among Palestinian youth. The B-Hub serves local small companies with focus on manufacturing, agro-tech, IT, and tourism industries. The companies are being served until they resolve their business and technical problems (e.g., development of new chemical formulas for products; enhancing production process; introducing green production and management techniques; development of a new business strategy, etc).  The B-Hub also serves startups –from any industry and owned by entrepreneurs of any ages. 
In the past 4 years, the B-Hub has served about 200 companies and more than 300 startups. 



","
أسست B-Hub عام 2017 بهدف تحديد المشاكل التي تواجه الاقتصاد المحلي- عدم استدامة الأعمال الصغيرة والممارسات التي تضر المجتمع والبيئة بالإضافة لارتفاع نسبة البطالة بين الشباب الفلسطيني. تخدم المؤسسة الشركات الصغيرة المحلية مع التركيز على قطاعات التصنيع، التقنيات الزراعية، تكنولوجيا المعلومات والسياحة. تتم خدمة هذه الشركات لحين ضمان حل مشكلات الأعمال والتقنيات التي تواجهها (مثل تطوير صيغة كيميائية لمنتج، تحسين عملية إنتاجية، إدخال منتج صديق للبيئة وإدارة تقنيات جديدة وغيرها). تخدم المؤسسة أيضاً الشركات الناشئة - من جميع القطاعات وتعود ملكيتها للمبادرين من جميع الأعمار-. خلال السنوات الأربعة الماضية عملت المؤسسة على مساعدة ما يزيد عن 200 شركة و300 شركة ناشئة. 
للمزيد من المعلومات: 
https://www.birzeit.edu/en/b-hub 

", الضفة الغربية, West Bank,obatran@birzeit.edu,,,https://www.palgbc.org//img/unnamed1.png
B-Hub Birzeit University,B-Hub Birzeit University,"
The B-Hub was established in 2017 to address the most critical problems facing the local economy - unsustainable small businesses, damaging social and environmental practices, and high unemployment rates among Palestinian youth. The B-Hub serves local small companies with focus on manufacturing, agro-tech, IT, and tourism industries. The companies are being served until they resolve their business and technical problems (e.g., development of new chemical formulas for products; enhancing production process; introducing green production and management techniques; development of a new business strategy, etc).  The B-Hub also serves startups –from any industry and owned by entrepreneurs of any ages. 
In the past 4 years, the B-Hub has served about 200 companies and more than 300 startups. 



","
أسست B-Hub عام 2017 بهدف تحديد المشاكل التي تواجه الاقتصاد المحلي- عدم استدامة الأعمال الصغيرة والممارسات التي تضر المجتمع والبيئة بالإضافة لارتفاع نسبة البطالة بين الشباب الفلسطيني. تخدم المؤسسة الشركات الصغيرة المحلية مع التركيز على قطاعات التصنيع، التقنيات الزراعية، تكنولوجيا المعلومات والسياحة. تتم خدمة هذه الشركات لحين ضمان حل مشكلات الأعمال والتقنيات التي تواجهها (مثل تطوير صيغة كيميائية لمنتج، تحسين عملية إنتاجية، إدخال منتج صديق للبيئة وإدارة تقنيات جديدة وغيرها). تخدم المؤسسة أيضاً الشركات الناشئة - من جميع القطاعات وتعود ملكيتها للمبادرين من جميع الأعمار-. خلال السنوات الأربعة الماضية عملت المؤسسة على مساعدة ما يزيد عن 200 شركة و300 شركة ناشئة. 
للمزيد من المعلومات: 
https://www.birzeit.edu/en/b-hub 

", الضفة الغربية, West Bank,obatran@birzeit.edu,,,https://www.palgbc.org//img/unnamed1.png
NDC,NDC,"National policy document
(EQA)
","National policy document
(EQA)
","الضفة الغربية
و غزة
","West Bank
& gaza
","n72065@hotmail.com
",599201541,https://www4.unfccc.int/sites/ndcstaging/PublishedDocuments/State%20of%20Palestine%20First/Updated%20NDC_%20State%20of%20Palestine_2021_FINAL.pdf,https://palgbc.org/img/entrepreneurs/10.jpg
"يو ميك
","
uMake

","We are an entrepreneurship support organisation that helps entrepreneurs and startups across Palestine, by ensuring they have equitable access to the resources and opportunities they need to start and grow their businesses. We work in different domains; 
Startup Programs 
1.Pre-Seed Startup Accelerator
2.Investment Readiness Program
3.Organizing Startup Weekend 
Community Building Activities 
1.Community Events and Workshops 
2.Cobinar
3.Networking Services 
Co-working Space 
The space includes dedicated and flexible desks, meeting rooms, digital equipment, and a network of professionals to help its members work towards their goals. 
 Additional Business Services 
Virtual Events Management Services & Business Development Services.
","نحن منظمة لدعم ريادة الأعمال تساعد رواد الأعمال والشركات الناشئة في جميع أنحاء فلسطين ، من خلال ضمان حصولهم على وصول عادل إلى الموارد والفرص التي يحتاجون إليها لبدء أعمالهم وتنميتها. نحن نعمل في مجالات مختلفة.

برامج المشاريع الناشئة
1- مسرع المسبق pre-seed
2- برنامج الجاهزية الاستثمارية
3. تنظيم Startup Weekend
أنشطة بناء المجتمع
1. الأحداث المجتمعية وورش العمل
2- كوبينار
3. خدمات الشبكات
ساحة للعمل الجماعي
تتضمن المساحة مكاتب مخصصة ومرنة ، وغرف اجتماعات ، ومعدات رقمية ، وشبكة من المحترفين لمساعدة أعضائها على العمل لتحقيق أهدافهم.
 خدمات الأعمال الإضافية
خدمات إدارة الأحداث الافتراضية وخدمات تطوير الأعمال.
","الضفة الغربية
و غزة
","West Bank
& gaza
","Daoud@umake.space
",+972 598 876 876,https://umake.space/,https://palgbc.org/img/entrepreneurs/11.jpg
"يو ميك
","
uMake

","We are an entrepreneurship support organisation that helps entrepreneurs and startups across Palestine, by ensuring they have equitable access to the resources and opportunities they need to start and grow their businesses. We work in different domains; 
Startup Programs 
1.Pre-Seed Startup Accelerator
2.Investment Readiness Program
3.Organizing Startup Weekend 
Community Building Activities 
1.Community Events and Workshops 
2.Cobinar
3.Networking Services 
Co-working Space 
The space includes dedicated and flexible desks, meeting rooms, digital equipment, and a network of professionals to help its members work towards their goals. 
 Additional Business Services 
Virtual Events Management Services & Business Development Services.
","نحن منظمة لدعم ريادة الأعمال تساعد رواد الأعمال والشركات الناشئة في جميع أنحاء فلسطين ، من خلال ضمان حصولهم على وصول عادل إلى الموارد والفرص التي يحتاجون إليها لبدء أعمالهم وتنميتها. نحن نعمل في مجالات مختلفة.

برامج المشاريع الناشئة
1- مسرع المسبق pre-seed
2- برنامج الجاهزية الاستثمارية
3. تنظيم Startup Weekend
أنشطة بناء المجتمع
1. الأحداث المجتمعية وورش العمل
2- كوبينار
3. خدمات الشبكات
ساحة للعمل الجماعي
تتضمن المساحة مكاتب مخصصة ومرنة ، وغرف اجتماعات ، ومعدات رقمية ، وشبكة من المحترفين لمساعدة أعضائها على العمل لتحقيق أهدافهم.
 خدمات الأعمال الإضافية
خدمات إدارة الأحداث الافتراضية وخدمات تطوير الأعمال.
","الضفة الغربية
و غزة
","West Bank
& gaza
","Daoud@umake.space
",+972 598 876 876,https://umake.space/,https://palgbc.org/img/entrepreneurs/11.jpg
"يو ميك
","
uMake

","We are an entrepreneurship support organisation that helps entrepreneurs and startups across Palestine, by ensuring they have equitable access to the resources and opportunities they need to start and grow their businesses. We work in different domains; 
Startup Programs 
1.Pre-Seed Startup Accelerator
2.Investment Readiness Program
3.Organizing Startup Weekend 
Community Building Activities 
1.Community Events and Workshops 
2.Cobinar
3.Networking Services 
Co-working Space 
The space includes dedicated and flexible desks, meeting rooms, digital equipment, and a network of professionals to help its members work towards their goals. 
 Additional Business Services 
Virtual Events Management Services & Business Development Services.
","نحن منظمة لدعم ريادة الأعمال تساعد رواد الأعمال والشركات الناشئة في جميع أنحاء فلسطين ، من خلال ضمان حصولهم على وصول عادل إلى الموارد والفرص التي يحتاجون إليها لبدء أعمالهم وتنميتها. نحن نعمل في مجالات مختلفة.

برامج المشاريع الناشئة
1- مسرع المسبق pre-seed
2- برنامج الجاهزية الاستثمارية
3. تنظيم Startup Weekend
أنشطة بناء المجتمع
1. الأحداث المجتمعية وورش العمل
2- كوبينار
3. خدمات الشبكات
ساحة للعمل الجماعي
تتضمن المساحة مكاتب مخصصة ومرنة ، وغرف اجتماعات ، ومعدات رقمية ، وشبكة من المحترفين لمساعدة أعضائها على العمل لتحقيق أهدافهم.
 خدمات الأعمال الإضافية
خدمات إدارة الأحداث الافتراضية وخدمات تطوير الأعمال.
","الضفة الغربية
و غزة
","West Bank
& gaza
","Daoud@umake.space
","+972 598 876 876
",https://umake.space/,https://palgbc.org/img/entrepreneurs/11.jpg
"CLUSTER 
","CLUSTER 
","CLUSTER is a project funded under the (ENI CBC Med) Program for the Mediterranean Basin of the European Union, in cooperation with the European Institute for the Mediterranean (IEMed) and implemented through a group of partners in different countries, namely Italy, Cyprus, France, Jordan, Tunisia and Palestine - through the Business Women Forum

The CLUSTER project aims to create a supportive environment for employment plans for young men and women between the age group 18-30 and job seekers who are not currently participating in an educational or training program (NEETs), to provide them with employment skills within four sustainable economic sectors (the blue economy, circular economy, green economy, and sustainable agriculture) and the promotion of long-term partnerships between TVET institutions and the private sector, and raising the awareness of decision-makers in order to deal with the most important obstacles to entering the labour market within the four targeted economic sectors.
","
CLUSTER مشروع ممول ضمن إطار برنامج (ENI CBC Med) لحوض البحر الأبيض المتوسط التابع للاتحاد الأوروبي، بالتعاون مع المعهد الأوروبي للبحر الأبيض المتوسط (IEMed) ويتم تنفيذه من خلال مجموعة من الشركاء في دول مختلفة وهي إيطاليا وقبرص وفرنسا والأردن وتونس وفلسطين- عن طريق منتدى سيدات الأعمال. 

يهدف مشروع CLUSTER إلى خلق بيئة داعمة لخطط تشغيل الشباب والشابات ضمن الفئة العمرية من  18 إلى 30 عامًا والباحثين/ الباحثات عن العمل وغير المشتركين/ات حاليا في برنامج تعليمي أو تدريبي (NEETs)، لتزويدهم بمهارات التشغيل ضمن أربعة قطاعات اقتصادية مستدامة (الاقتصاد الأزرق، والاقتصاد الدائري، والاقتصاد الأخضر، والزراعة المستدامة) وتعزيز الشراكات طويلة الأمد بين مؤسسات التعليم والتدريب التقني والمهني (TVET) والقطاع الخاص، وزيادة وعي صانعي القرار من أجل التعامل مع أهم المعيقات لدخول سوق العمل ضمن الأربع قطاعات الاقتصادية المستهدفة
","الضفة الغربية
","West Bank
","aharidi@bwf.ps

 
 
 
",592666301,https://www.enicbcmed.eu/projects/cluster,https://palgbc.org/img/entrepreneurs/2.jpg
"CLUSTER 
","CLUSTER 
","CLUSTER is a project funded under the (ENI CBC Med) Program for the Mediterranean Basin of the European Union, in cooperation with the European Institute for the Mediterranean (IEMed) and implemented through a group of partners in different countries, namely Italy, Cyprus, France, Jordan, Tunisia and Palestine - through the Business Women Forum

The CLUSTER project aims to create a supportive environment for employment plans for young men and women between the age group 18-30 and job seekers who are not currently participating in an educational or training program (NEETs), to provide them with employment skills within four sustainable economic sectors (the blue economy, circular economy, green economy, and sustainable agriculture) and the promotion of long-term partnerships between TVET institutions and the private sector, and raising the awareness of decision-makers in order to deal with the most important obstacles to entering the labour market within the four targeted economic sectors.
","
CLUSTER مشروع ممول ضمن إطار برنامج (ENI CBC Med) لحوض البحر الأبيض المتوسط التابع للاتحاد الأوروبي، بالتعاون مع المعهد الأوروبي للبحر الأبيض المتوسط (IEMed) ويتم تنفيذه من خلال مجموعة من الشركاء في دول مختلفة وهي إيطاليا وقبرص وفرنسا والأردن وتونس وفلسطين- عن طريق منتدى سيدات الأعمال. 

يهدف مشروع CLUSTER إلى خلق بيئة داعمة لخطط تشغيل الشباب والشابات ضمن الفئة العمرية من  18 إلى 30 عامًا والباحثين/ الباحثات عن العمل وغير المشتركين/ات حاليا في برنامج تعليمي أو تدريبي (NEETs)، لتزويدهم بمهارات التشغيل ضمن أربعة قطاعات اقتصادية مستدامة (الاقتصاد الأزرق، والاقتصاد الدائري، والاقتصاد الأخضر، والزراعة المستدامة) وتعزيز الشراكات طويلة الأمد بين مؤسسات التعليم والتدريب التقني والمهني (TVET) والقطاع الخاص، وزيادة وعي صانعي القرار من أجل التعامل مع أهم المعيقات لدخول سوق العمل ضمن الأربع قطاعات الاقتصادية المستهدفة
","الضفة الغربية
","West Bank
","aharidi@bwf.ps

 
 
00970592280110
",592666301,https://www.enicbcmed.eu/projects/cluster,https://palgbc.org/img/entrepreneurs/2.jpg
"CLUSTER 
","CLUSTER 
","CLUSTER is a project funded under the (ENI CBC Med) Program for the Mediterranean Basin of the European Union, in cooperation with the European Institute for the Mediterranean (IEMed) and implemented through a group of partners in different countries, namely Italy, Cyprus, France, Jordan, Tunisia and Palestine - through the Business Women Forum

The CLUSTER project aims to create a supportive environment for employment plans for young men and women between the age group 18-30 and job seekers who are not currently participating in an educational or training program (NEETs), to provide them with employment skills within four sustainable economic sectors (the blue economy, circular economy, green economy, and sustainable agriculture) and the promotion of long-term partnerships between TVET institutions and the private sector, and raising the awareness of decision-makers in order to deal with the most important obstacles to entering the labour market within the four targeted economic sectors.
","
CLUSTER مشروع ممول ضمن إطار برنامج (ENI CBC Med) لحوض البحر الأبيض المتوسط التابع للاتحاد الأوروبي، بالتعاون مع المعهد الأوروبي للبحر الأبيض المتوسط (IEMed) ويتم تنفيذه من خلال مجموعة من الشركاء في دول مختلفة وهي إيطاليا وقبرص وفرنسا والأردن وتونس وفلسطين- عن طريق منتدى سيدات الأعمال. 

يهدف مشروع CLUSTER إلى خلق بيئة داعمة لخطط تشغيل الشباب والشابات ضمن الفئة العمرية من  18 إلى 30 عامًا والباحثين/ الباحثات عن العمل وغير المشتركين/ات حاليا في برنامج تعليمي أو تدريبي (NEETs)، لتزويدهم بمهارات التشغيل ضمن أربعة قطاعات اقتصادية مستدامة (الاقتصاد الأزرق، والاقتصاد الدائري، والاقتصاد الأخضر، والزراعة المستدامة) وتعزيز الشراكات طويلة الأمد بين مؤسسات التعليم والتدريب التقني والمهني (TVET) والقطاع الخاص، وزيادة وعي صانعي القرار من أجل التعامل مع أهم المعيقات لدخول سوق العمل ضمن الأربع قطاعات الاقتصادية المستهدفة
","الضفة الغربية
","West Bank
",aharidi@bwf.ps,970592280110,https://www.enicbcmed.eu/projects/cluster,https://palgbc.org/img/entrepreneurs/2.jpg
"وزارة الريادة والتمكين
","
Ministry of Entrepreneurship and Empowerment

",,,"الضفة الغربية
و غزة
","West Bank
& gaza
","hassan.sadi99@gmail.com
 
 

",598090599,https://moee.pna.ps/,https://palgbc.org/img/entrepreneurs/5.jpg
"وزارة الريادة والتمكين
","
Ministry of Entrepreneurship and Empowerment

",,,"الضفة الغربية
و غزة
","West Bank
& gaza
","hassan.sadi99@gmail.com
 
 

",598090599,https://moee.pna.ps/,https://palgbc.org/img/entrepreneurs/5.jpg
"وزارة الريادة والتمكين
","
Ministry of Entrepreneurship and Empowerment

",,,"الضفة الغربية
و غزة
","West Bank
& gaza
","hassan.sadi99@gmail.com
 
 

",598090599,https://moee.pna.ps/,https://palgbc.org/img/entrepreneurs/5.jpg
سفير - الشباب في العمل,"Safir - Youth in Action

","-The project aims to support the achievement of the SDGs by engaging youth in different MENA region countries for the purpose of enhancing youth leadership in developing and expanding their entrepreneurial initiatives focused on social, cultural, and environmental impact. Furthermore, the project is key in building a trusted relationship between organisations across the MENA region, which will support knowledge exchange and lessons learned. Furthermore, the project supports enriching the dialogue between different actors including the government, private sector, development agencies, and more for the purpose of advancing the roles of youth in their communities. 
The project implementation period is from 2019 - now.
","يهدف المشروع إلى دعم تحقيق أهداف التنمية المستدامة من خلال إشراك الشباب في مختلف دول منطقة الشرق الأوسط وشمال إفريقيا لغرض تعزيز القيادة الشبابية في تطوير وتوسيع ومبادراتهم الريادية التي تركز على التأثير الاجتماعي والثقافي والبيئي. علاوة على ذلك ، يعد المشروع عاملاً أساسيًا في بناء علاقة موثوقة بين المنظمات عبر منطقة الشرق الأوسط وشمال إفريقيا ، والتي ستدعم تبادل المعرفة والدروس المستفادة. علاوة على ذلك ، يدعم المشروع إثراء الحوار بين مختلف الجهات الفاعلة بما في ذلك الحكومة والقطاع الخاص ووكالات التنمية وغيرها لغرض النهوض بأدوار الشباب في مجتمعاتهم.

فترة تنفيذ المشروع من 2019 - الآن
","الضفة الغربية
و غزة
","West Bank
& gaza
",Zmelhem@shiam.org,597909018,,https://palgbc.org/img/entrepreneurs/6.jpg
سفير - الشباب في العمل,"Safir - Youth in Action

","-The project aims to support the achievement of the SDGs by engaging youth in different MENA region countries for the purpose of enhancing youth leadership in developing and expanding their entrepreneurial initiatives focused on social, cultural, and environmental impact. Furthermore, the project is key in building a trusted relationship between organisations across the MENA region, which will support knowledge exchange and lessons learned. Furthermore, the project supports enriching the dialogue between different actors including the government, private sector, development agencies, and more for the purpose of advancing the roles of youth in their communities. 
The project implementation period is from 2019 - now.
","يهدف المشروع إلى دعم تحقيق أهداف التنمية المستدامة من خلال إشراك الشباب في مختلف دول منطقة الشرق الأوسط وشمال إفريقيا لغرض تعزيز القيادة الشبابية في تطوير وتوسيع ومبادراتهم الريادية التي تركز على التأثير الاجتماعي والثقافي والبيئي. علاوة على ذلك ، يعد المشروع عاملاً أساسيًا في بناء علاقة موثوقة بين المنظمات عبر منطقة الشرق الأوسط وشمال إفريقيا ، والتي ستدعم تبادل المعرفة والدروس المستفادة. علاوة على ذلك ، يدعم المشروع إثراء الحوار بين مختلف الجهات الفاعلة بما في ذلك الحكومة والقطاع الخاص ووكالات التنمية وغيرها لغرض النهوض بأدوار الشباب في مجتمعاتهم.

فترة تنفيذ المشروع من 2019 - الآن
","الضفة الغربية
و غزة
","West Bank
& gaza
",Zmelhem@shiam.org,597909018,,https://palgbc.org/img/entrepreneurs/6.jpg
"ايكوبرونر
","Ecopreneur
","Ecopreneur programme. cewas Middle East and Palestine Polytechnic University are offering an 18-months incubation support for innovators and entrepreneurs with business ideas that create environmental, economic and social impact in Palestine. The programme includes a pre-incubation ideation stage, training modules during incubation, business and operational coaching, consulting by sector experts and access to an extensive regional and international network of professionals and experts, seed funding and logistic support beyond incubation.
","برنامج إيكوبرونر. ستقدم مؤسستي سيواس الشرق الأوسط وجامعة بوليتكنك فلسطين دعماً لبرنامج إحتضان أعمال مدته 18 شهراً للمُبتَكِرين ورواد الأعمال أصحاب الأفكار التي تخلق أثراً بيئياً أو اقتصادياً أو اجتماعياً في فلسطين. ويتضمّن البرنامج عدة مراحل تبدأ من: مرحلة خدمات ما قبل الاحتضان وتكوين واختبار الأفكار، يتبعها سلسلة من تدريبات الأعمال خلال فترة الاحتضان، بالإضافة إلى التوجيه والاستشارات من قِبَل خبراء من القطاعات المختلفة، والتشبيك المحلي والعالمي مع خبراء مختصين في القطاعات ذات العلاقة والتمويل التأسيسي والدعم اللوجستي.
","الضفة الغربية
","West Bank
",ali_ramadan@ppu.edu,599830320,https://www.ppu.edu/ecopreneur/en,https://palgbc.org/img/entrepreneurs/7.jpg
"ايكوبرونر
","Ecopreneur
","Ecopreneur programme. cewas Middle East and Palestine Polytechnic University are offering an 18-months incubation support for innovators and entrepreneurs with business ideas that create environmental, economic and social impact in Palestine. The programme includes a pre-incubation ideation stage, training modules during incubation, business and operational coaching, consulting by sector experts and access to an extensive regional and international network of professionals and experts, seed funding and logistic support beyond incubation.
","برنامج إيكوبرونر. ستقدم مؤسستي سيواس الشرق الأوسط وجامعة بوليتكنك فلسطين دعماً لبرنامج إحتضان أعمال مدته 18 شهراً للمُبتَكِرين ورواد الأعمال أصحاب الأفكار التي تخلق أثراً بيئياً أو اقتصادياً أو اجتماعياً في فلسطين. ويتضمّن البرنامج عدة مراحل تبدأ من: مرحلة خدمات ما قبل الاحتضان وتكوين واختبار الأفكار، يتبعها سلسلة من تدريبات الأعمال خلال فترة الاحتضان، بالإضافة إلى التوجيه والاستشارات من قِبَل خبراء من القطاعات المختلفة، والتشبيك المحلي والعالمي مع خبراء مختصين في القطاعات ذات العلاقة والتمويل التأسيسي والدعم اللوجستي.
","الضفة الغربية
","West Bank
",ali_ramadan@ppu.edu,599830320,https://www.ppu.edu/ecopreneur/en,https://palgbc.org/img/entrepreneurs/7.jpg
"أجري برونور
","
Agri-preneurs

","Agri-preneur is a project implemented by the Creative Lab for Empowerment and Innovation that works to develop agricultural entrepreneurial projects by providing technical support, capacity building, and helping agricultural engineers develop their financial models and marketing plans, and connect them with the investors.","مشروع أجري برونور هو مشروع منفذ من قبل مختبر الإبداعية للتمكين والابتكار يعمل على تطوير المشاريع الريادية الزراعية من خلال تقديم الدعم التقني وبناء القدرات ومساعدة المهندسيين الزراعيين على تطوير نماذجهم المالية وخطط تسويقهم وربطهم بالمستثمرين
","الضفة الغربية
و غزة
","West Bank
& gaza
",creativitylab.palestine@gmail.com,59511612,https://www.facebook.com/CreativityLab.Palestine,https://palgbc.org/img/entrepreneurs/8.jpg
"أجري برونور
","
Agri-preneurs

","Agri-preneur is a project implemented by the Creative Lab for Empowerment and Innovation that works to develop agricultural entrepreneurial projects by providing technical support, capacity building, and helping agricultural engineers develop their financial models and marketing plans, and connect them with the investors.","مشروع أجري برونور هو مشروع منفذ من قبل مختبر الإبداعية للتمكين والابتكار يعمل على تطوير المشاريع الريادية الزراعية من خلال تقديم الدعم التقني وبناء القدرات ومساعدة المهندسيين الزراعيين على تطوير نماذجهم المالية وخطط تسويقهم وربطهم بالمستثمرين
","الضفة الغربية
و غزة
","West Bank
& gaza
",creativitylab.palestine@gmail.com,59511612,https://www.facebook.com/CreativityLab.Palestine,https://palgbc.org/img/entrepreneurs/8.jpg
"أجري برونور
","
Agri-preneurs

","Agri-preneur is a project implemented by the Creative Lab for Empowerment and Innovation that works to develop agricultural entrepreneurial projects by providing technical support, capacity building, and helping agricultural engineers develop their financial models and marketing plans, and connect them with the investors.","مشروع أجري برونور هو مشروع منفذ من قبل مختبر الإبداعية للتمكين والابتكار يعمل على تطوير المشاريع الريادية الزراعية من خلال تقديم الدعم التقني وبناء القدرات ومساعدة المهندسيين الزراعيين على تطوير نماذجهم المالية وخطط تسويقهم وربطهم بالمستثمرين
","الضفة الغربية
و غزة
","West Bank
& gaza
",creativitylab.palestine@gmail.com,59511612,https://www.facebook.com/CreativityLab.Palestine,https://palgbc.org/img/entrepreneurs/8.jpg
"برنامج العدالة البيئية والمناخية
","Environmental and Climate Justice Programme 
","The Environmental and Climate Justice Programme is a 36-month programme with the 
timeframe 2021-2023, developed in a participatory way in partnership between PAIC and We 
Effect. The overarching goal of the programme is “To contribute to improving environmental 
and climate justice in Palestine” and the specific programme objective is “By 2024, civil society organisations and right-holders have the capability to address and challenge structural barriers to environmental and climate justice in Palestine.”
","برنامج العدالة البيئية والمناخية هو برنامج مدته 36 شهرًا مع
الإطار الزمني 2021-2023 ، الذي تم تطويره بطريقة تشاركية بالشراكة بين PAIC و We
تأثير. الهدف الشامل للبرنامج هو ""المساهمة في تحسين البيئة
والعدالة المناخية في فلسطين ""والهدف المحدد للبرنامج هو"" بحلول عام 2024 ، سيكون لدى منظمات المجتمع المدني وأصحاب الحقوق القدرة على معالجة وتحدي الحواجز الهيكلية أمام العدالة البيئية والمناخية في فلسطين ""
","الضفة الغربية
و غزة
","West Bank
& gaza
",rahaf.rifai@pal-arc.org,+972598481417,https://www.arij.org/projects/on-going-projects/december-2023-the-environmental-and-climate-justice-programme-ecjp/,https://palgbc.org/img/entrepreneurs/9.jpg
"برنامج العدالة البيئية والمناخية
","Environmental and Climate Justice Programme 
","The Environmental and Climate Justice Programme is a 36-month programme with the 
timeframe 2021-2023, developed in a participatory way in partnership between PAIC and We 
Effect. The overarching goal of the programme is “To contribute to improving environmental 
and climate justice in Palestine” and the specific programme objective is “By 2024, civil society organisations and right-holders have the capability to address and challenge structural barriers to environmental and climate justice in Palestine.”
","برنامج العدالة البيئية والمناخية هو برنامج مدته 36 شهرًا مع
الإطار الزمني 2021-2023 ، الذي تم تطويره بطريقة تشاركية بالشراكة بين PAIC و We
تأثير. الهدف الشامل للبرنامج هو ""المساهمة في تحسين البيئة
والعدالة المناخية في فلسطين ""والهدف المحدد للبرنامج هو"" بحلول عام 2024 ، سيكون لدى منظمات المجتمع المدني وأصحاب الحقوق القدرة على معالجة وتحدي الحواجز الهيكلية أمام العدالة البيئية والمناخية في فلسطين ""
","الضفة الغربية
و غزة
","West Bank
& gaza
","rahaf.rifai@pal-arc.org
 
 
 
","+972598481417
",https://www.arij.org/projects/on-going-projects/december-2023-the-environmental-and-climate-justice-programme-ecjp/,https://palgbc.org/img/entrepreneurs/9.jpg
حاضنة انترسيكت للريادة ,Startups in Residence (STIR),"A private office designed in line with the dynamics and values ​​of the Intersect incubator for collaborative work.
A counseling program that includes, for example, the fields: legal and electronic marketing, public relations, information security,
financial management, and others.
Opportunities to connect with and benefit from a diverse local and international network of investors, regulators, and corporate regulators
leadership, and other related parties.","مكتب خاص بتصميم يتوافق مع ديناميكية وقيم حاضنة انترسيكت للعمل التعاوني.
برنامج إرشاد يشمل على سبيل المثال المجالات: القانونية والتسويق الالكتروني، العلاقات العامة، الأمن المعلوماتي،
الإدارة المالية، وغيرها.
فرص للتواصل مع والاستفادة من شبكة متنوعة محلية وعالمية من المستثمرين، والمشرّعين، والناظمين لعمل الشركات
الريادية، وغيرهم من الأطراف ذات العلاقة.",الضفة الغربية و غزة,West Bank & gaza,elias@intersecthub.org,599521211,https://www.intersecthub.org/,https://www.palgbc.org/panel/img/CouiServices/Startups in Residence (STIR) 2022-12-26.png